FIRE-ST_chr18:61108596-61108855_WT_1__AGACTCAACAA	AGACTCAACAA
FIRE-ST_chr18:61108596-61108855_WT_2__TTCGATCTTGT	TTCGATCTTGT
FIRE-ST_chr18:61108596-61108855_WT_3__TTCACATCGTT	TTCACATCGTT
FIRE-ST_chr18:61108596-61108855_WT_4__ATCTCAGCGTC	ATCTCAGCGTC
FIRE-ST_chr18:61108596-61108855_WT_5__AACCTCACTGG	AACCTCACTGG
FIRE-ST_chr18:61108596-61108855_WT_6__GCCTCTCGTGT	GCCTCTCGTGT
FIRE-ST_chr18:61108596-61108855_WT_7__GCTCGATCAGG	GCTCGATCAGG
FIRE-ST_chr18:61108596-61108855_WT_8__GAGTCTTAGTA	GAGTCTTAGTA
FIRE-ST_chr18:61108596-61108855_WT_9__ACCGATAATTG	ACCGATAATTG
FIRE-ST_chr18:61108596-61108855_G_A_1__ACGCGAGGAAC	ACGCGAGGAAC
FIRE-ST_chr18:61108596-61108855_G_T_1__CTCATCGTACC	CTCATCGTACC
FIRE-ST_chr18:61108596-61108855_G_C_1__CAATAGAGCAA	CAATAGAGCAA
FIRE-ST_chr18:61108596-61108855_C_A_2__CGGATCTGCCA	CGGATCTGCCA
FIRE-ST_chr18:61108596-61108855_C_T_2__ACACTAACCGG	ACACTAACCGG
FIRE-ST_chr18:61108596-61108855_C_G_2__AAGAAGGTTGC	AAGAAGGTTGC
FIRE-ST_chr18:61108596-61108855_C_A_3__AATGCTGCTTC	AATGCTGCTTC
FIRE-ST_chr18:61108596-61108855_C_T_3__TCGCAGTGTCG	TCGCAGTGTCG
FIRE-ST_chr18:61108596-61108855_C_G_3__GTGCATCAATA	GTGCATCAATA
FIRE-ST_chr18:61108596-61108855_A_T_4__CCTTCTATTGT	CCTTCTATTGT
FIRE-ST_chr18:61108596-61108855_A_G_4__CAGGAGCTACC	CAGGAGCTACC
FIRE-ST_chr18:61108596-61108855_A_C_4__ATGATAACCGT	ATGATAACCGT
FIRE-ST_chr18:61108596-61108855_G_A_5__TTAACGCATAC	TTAACGCATAC
FIRE-ST_chr18:61108596-61108855_G_T_5__AACTCTAAGGA	AACTCTAAGGA
FIRE-ST_chr18:61108596-61108855_G_C_5__CCTCACACTCA	CCTCACACTCA
FIRE-ST_chr18:61108596-61108855_G_A_6__AGAGGTACGCA	AGAGGTACGCA
FIRE-ST_chr18:61108596-61108855_G_T_6__GACAACGAATT	GACAACGAATT
FIRE-ST_chr18:61108596-61108855_G_C_6__AAGATTGTACG	AAGATTGTACG
FIRE-ST_chr18:61108596-61108855_G_A_7__ACACGAATACA	ACACGAATACA
FIRE-ST_chr18:61108596-61108855_G_T_7__CCTCCACGGTT	CCTCCACGGTT
FIRE-ST_chr18:61108596-61108855_G_C_7__CGTTGCGCTGT	CGTTGCGCTGT
FIRE-ST_chr18:61108596-61108855_A_T_8__TTGCGTCGAGG	TTGCGTCGAGG
FIRE-ST_chr18:61108596-61108855_A_G_8__TCGCTACGCAC	TCGCTACGCAC
FIRE-ST_chr18:61108596-61108855_A_C_8__AGGTACTTCGT	AGGTACTTCGT
FIRE-ST_chr18:61108596-61108855_A_T_9__TAACTACCAGG	TAACTACCAGG
FIRE-ST_chr18:61108596-61108855_A_G_9__CTCTCCTCTCC	CTCTCCTCTCC
FIRE-ST_chr18:61108596-61108855_A_C_9__TCCTAACGACC	TCCTAACGACC
FIRE-ST_chr18:61108596-61108855_G_A_10__TCCTGAAGAGA	TCCTGAAGAGA
FIRE-ST_chr18:61108596-61108855_G_T_10__TGTCAATTAGG	TGTCAATTAGG
FIRE-ST_chr18:61108596-61108855_G_C_10__CTTGAATGTAG	CTTGAATGTAG
FIRE-ST_chr18:61108596-61108855_C_A_11__GCCAGTTATTG	GCCAGTTATTG
FIRE-ST_chr18:61108596-61108855_C_T_11__TATCCTAATGG	TATCCTAATGG
FIRE-ST_chr18:61108596-61108855_C_G_11__CACGGTTATAT	CACGGTTATAT
FIRE-ST_chr18:61108596-61108855_A_T_12__TATCCACTACC	TATCCACTACC
FIRE-ST_chr18:61108596-61108855_A_G_12__CTTAATACGAC	CTTAATACGAC
FIRE-ST_chr18:61108596-61108855_A_C_12__CTTCTCGCTGG	CTTCTCGCTGG
FIRE-ST_chr18:61108596-61108855_G_A_13__AGAATCGCCTA	AGAATCGCCTA
FIRE-ST_chr18:61108596-61108855_G_T_13__GTCACTATGCA	GTCACTATGCA
FIRE-ST_chr18:61108596-61108855_G_C_13__CCTCGATGTGG	CCTCGATGTGG
FIRE-ST_chr18:61108596-61108855_A_T_14__AATTGGACAGT	AATTGGACAGT
FIRE-ST_chr18:61108596-61108855_A_G_14__TAGCCGAATAC	TAGCCGAATAC
FIRE-ST_chr18:61108596-61108855_A_C_14__AAGTCGAACAT	AAGTCGAACAT
FIRE-ST_chr18:61108596-61108855_A_T_15__ACTGAATACTC	ACTGAATACTC
FIRE-ST_chr18:61108596-61108855_A_G_15__CGAATAGCAGG	CGAATAGCAGG
FIRE-ST_chr18:61108596-61108855_A_C_15__CAAGCGTCGGT	CAAGCGTCGGT
FIRE-ST_chr18:61108596-61108855_G_A_16__CCGTCCGTGAT	CCGTCCGTGAT
FIRE-ST_chr18:61108596-61108855_G_T_16__CTGTATCGCGC	CTGTATCGCGC
FIRE-ST_chr18:61108596-61108855_G_C_16__AGGACCAAGCG	AGGACCAAGCG
FIRE-ST_chr18:61108596-61108855_T_A_17__TCCGTATTGGT	TCCGTATTGGT
FIRE-ST_chr18:61108596-61108855_T_G_17__AGATAATTCGC	AGATAATTCGC
FIRE-ST_chr18:61108596-61108855_T_C_17__ACAAGACTGGA	ACAAGACTGGA
FIRE-ST_chr18:61108596-61108855_G_A_18__TCAGATAACGG	TCAGATAACGG
FIRE-ST_chr18:61108596-61108855_G_T_18__AGACATAGCAT	AGACATAGCAT
FIRE-ST_chr18:61108596-61108855_G_C_18__CGCCGACTAGA	CGCCGACTAGA
FIRE-ST_chr18:61108596-61108855_A_T_19__TACAAGCTCTC	TACAAGCTCTC
FIRE-ST_chr18:61108596-61108855_A_G_19__CCATCAACAGG	CCATCAACAGG
FIRE-ST_chr18:61108596-61108855_A_C_19__CAACGCTGTAA	CAACGCTGTAA
FIRE-ST_chr18:61108596-61108855_G_A_20__GTAGCTCTGGA	GTAGCTCTGGA
FIRE-ST_chr18:61108596-61108855_G_T_20__GCACATACGCA	GCACATACGCA
FIRE-ST_chr18:61108596-61108855_G_C_20__CCAAGGACACC	CCAAGGACACC
FIRE-ST_chr18:61108596-61108855_A_T_21__GTAACAGTGAC	GTAACAGTGAC
FIRE-ST_chr18:61108596-61108855_A_G_21__CTGCAACCACC	CTGCAACCACC
FIRE-ST_chr18:61108596-61108855_A_C_21__TCAGAACAGCT	TCAGAACAGCT
FIRE-ST_chr18:61108596-61108855_G_A_22__TCGCAGCAGTG	TCGCAGCAGTG
FIRE-ST_chr18:61108596-61108855_G_T_22__GAGATACAGAT	GAGATACAGAT
FIRE-ST_chr18:61108596-61108855_G_C_22__TTCATGCCGCC	TTCATGCCGCC
FIRE-ST_chr18:61108596-61108855_C_A_23__GTAGGTGGTTG	GTAGGTGGTTG
FIRE-ST_chr18:61108596-61108855_C_T_23__CATATCTACGT	CATATCTACGT
FIRE-ST_chr18:61108596-61108855_C_G_23__ATTATGCACCT	ATTATGCACCT
FIRE-ST_chr18:61108596-61108855_C_A_24__AATCTGAACTC	AATCTGAACTC
FIRE-ST_chr18:61108596-61108855_C_T_24__ACCTCAGATTA	ACCTCAGATTA
FIRE-ST_chr18:61108596-61108855_C_G_24__ACCTCGTGCAT	ACCTCGTGCAT
FIRE-ST_chr18:61108596-61108855_C_A_25__TAGAGAACTGA	TAGAGAACTGA
FIRE-ST_chr18:61108596-61108855_C_T_25__GACGTGACTCG	GACGTGACTCG
FIRE-ST_chr18:61108596-61108855_C_G_25__TACACTTCAGG	TACACTTCAGG
FIRE-ST_chr18:61108596-61108855_A_T_26__AGTTCCGTGCA	AGTTCCGTGCA
FIRE-ST_chr18:61108596-61108855_A_G_26__ACAGGAATTGG	ACAGGAATTGG
FIRE-ST_chr18:61108596-61108855_A_C_26__TGTTGCAGGAC	TGTTGCAGGAC
FIRE-ST_chr18:61108596-61108855_A_T_27__TCTCGAACACC	TCTCGAACACC
FIRE-ST_chr18:61108596-61108855_A_G_27__GGAAGTCTATC	GGAAGTCTATC
FIRE-ST_chr18:61108596-61108855_A_C_27__ACCTTGGACAC	ACCTTGGACAC
FIRE-ST_chr18:61108596-61108855_G_A_28__TATCGTCAGGA	TATCGTCAGGA
FIRE-ST_chr18:61108596-61108855_G_T_28__GATATTGTACC	GATATTGTACC
FIRE-ST_chr18:61108596-61108855_G_C_28__TTGCTATTACC	TTGCTATTACC
FIRE-ST_chr18:61108596-61108855_T_A_29__GACTCCAATAA	GACTCCAATAA
FIRE-ST_chr18:61108596-61108855_T_G_29__CGAGTCATTGG	CGAGTCATTGG
FIRE-ST_chr18:61108596-61108855_T_C_29__ACCTGGATATT	ACCTGGATATT
FIRE-ST_chr18:61108596-61108855_G_A_30__GTTCGGATCAA	GTTCGGATCAA
FIRE-ST_chr18:61108596-61108855_G_T_30__TAAGGACGATC	TAAGGACGATC
FIRE-ST_chr18:61108596-61108855_G_C_30__CGGAGCTTGAA	CGGAGCTTGAA
FIRE-ST_chr18:61108596-61108855_T_A_31__TGAGAGCTACG	TGAGAGCTACG
FIRE-ST_chr18:61108596-61108855_T_G_31__AATAACGAGTG	AATAACGAGTG
FIRE-ST_chr18:61108596-61108855_T_C_31__TCGCTCATATT	TCGCTCATATT
FIRE-ST_chr18:61108596-61108855_C_A_32__CCATAGCGCCT	CCATAGCGCCT
FIRE-ST_chr18:61108596-61108855_C_T_32__ATCTTGAGTTC	ATCTTGAGTTC
FIRE-ST_chr18:61108596-61108855_C_G_32__AAGGACTAGCT	AAGGACTAGCT
FIRE-ST_chr18:61108596-61108855_G_A_33__CCGGTAAGAGG	CCGGTAAGAGG
FIRE-ST_chr18:61108596-61108855_G_T_33__ACTGGATTAAC	ACTGGATTAAC
FIRE-ST_chr18:61108596-61108855_G_C_33__GCTGTTATGTT	GCTGTTATGTT
FIRE-ST_chr18:61108596-61108855_A_T_34__GAACATGAGCA	GAACATGAGCA
FIRE-ST_chr18:61108596-61108855_A_G_34__TACCTCAGACG	TACCTCAGACG
FIRE-ST_chr18:61108596-61108855_A_C_34__ATGATCTTGAC	ATGATCTTGAC
FIRE-ST_chr18:61108596-61108855_A_T_35__AGTTCAATAGG	AGTTCAATAGG
FIRE-ST_chr18:61108596-61108855_A_G_35__ATTGAGCCGTC	ATTGAGCCGTC
FIRE-ST_chr18:61108596-61108855_A_C_35__GCCAAGTAAGA	GCCAAGTAAGA
FIRE-ST_chr18:61108596-61108855_G_A_36__CTATCTCTACT	CTATCTCTACT
FIRE-ST_chr18:61108596-61108855_G_T_36__CCTGTCACCAA	CCTGTCACCAA
FIRE-ST_chr18:61108596-61108855_G_C_36__TATACAGGTTG	TATACAGGTTG
FIRE-ST_chr18:61108596-61108855_G_A_37__TGCTGGTGCGA	TGCTGGTGCGA
FIRE-ST_chr18:61108596-61108855_G_T_37__TTACCTGTCGC	TTACCTGTCGC
FIRE-ST_chr18:61108596-61108855_G_C_37__GAGAAGTAGCC	GAGAAGTAGCC
FIRE-ST_chr18:61108596-61108855_G_A_38__CCAAGAGTAAT	CCAAGAGTAAT
FIRE-ST_chr18:61108596-61108855_G_T_38__ATGCAGGTCAA	ATGCAGGTCAA
FIRE-ST_chr18:61108596-61108855_G_C_38__GCAGACTAATA	GCAGACTAATA
FIRE-ST_chr18:61108596-61108855_C_A_39__GAACGTGCTGC	GAACGTGCTGC
FIRE-ST_chr18:61108596-61108855_C_T_39__GAAGCGACCAA	GAAGCGACCAA
FIRE-ST_chr18:61108596-61108855_C_G_39__GCATCTGTCAT	GCATCTGTCAT
FIRE-ST_chr18:61108596-61108855_C_A_40__ATGGAGGTCTG	ATGGAGGTCTG
FIRE-ST_chr18:61108596-61108855_C_T_40__CGCGATACACG	CGCGATACACG
FIRE-ST_chr18:61108596-61108855_C_G_40__CGCAACGGATG	CGCAACGGATG
FIRE-ST_chr18:61108596-61108855_A_T_41__CACCGATAGCG	CACCGATAGCG
FIRE-ST_chr18:61108596-61108855_A_G_41__GGTGTGGTGAT	GGTGTGGTGAT
FIRE-ST_chr18:61108596-61108855_A_C_41__TGACTCCGCAC	TGACTCCGCAC
FIRE-ST_chr18:61108596-61108855_C_A_42__CGGATACCAAT	CGGATACCAAT
FIRE-ST_chr18:61108596-61108855_C_T_42__GCAGCTCACTT	GCAGCTCACTT
FIRE-ST_chr18:61108596-61108855_C_G_42__TAGAATGGACC	TAGAATGGACC
FIRE-ST_chr18:61108596-61108855_A_T_43__AATACCAGTTG	AATACCAGTTG
FIRE-ST_chr18:61108596-61108855_A_G_43__AGGTCAAGTGT	AGGTCAAGTGT
FIRE-ST_chr18:61108596-61108855_A_C_43__AGTTGCTGAAG	AGTTGCTGAAG
FIRE-ST_chr18:61108596-61108855_G_A_44__CTGCGGACGAT	CTGCGGACGAT
FIRE-ST_chr18:61108596-61108855_G_T_44__TTATCAAGCCA	TTATCAAGCCA
FIRE-ST_chr18:61108596-61108855_G_C_44__GCAGGAATTAA	GCAGGAATTAA
FIRE-ST_chr18:61108596-61108855_G_A_45__GCAAGCGAACT	GCAAGCGAACT
FIRE-ST_chr18:61108596-61108855_G_T_45__GATCGTCCGGT	GATCGTCCGGT
FIRE-ST_chr18:61108596-61108855_G_C_45__TGAACGTCGCC	TGAACGTCGCC
FIRE-ST_chr18:61108596-61108855_C_A_46__CGTTCGTCTCG	CGTTCGTCTCG
FIRE-ST_chr18:61108596-61108855_C_T_46__CTACGCGAATA	CTACGCGAATA
FIRE-ST_chr18:61108596-61108855_C_G_46__AGGTCGTCCAA	AGGTCGTCCAA
FIRE-ST_chr18:61108596-61108855_T_A_47__TGAGATTGCGT	TGAGATTGCGT
FIRE-ST_chr18:61108596-61108855_T_G_47__TCAGAATGGTG	TCAGAATGGTG
FIRE-ST_chr18:61108596-61108855_T_C_47__AAGAATGTGGT	AAGAATGTGGT
FIRE-ST_chr18:61108596-61108855_G_A_48__GCGAGGTAGCT	GCGAGGTAGCT
FIRE-ST_chr18:61108596-61108855_G_T_48__CAAGTAAGGTG	CAAGTAAGGTG
FIRE-ST_chr18:61108596-61108855_G_C_48__CTGTATAGTCC	CTGTATAGTCC
FIRE-ST_chr18:61108596-61108855_G_A_49__ACATTCCGCTT	ACATTCCGCTT
FIRE-ST_chr18:61108596-61108855_G_T_49__CTACTTACACA	CTACTTACACA
FIRE-ST_chr18:61108596-61108855_G_C_49__ACTCACGAACA	ACTCACGAACA
FIRE-ST_chr18:61108596-61108855_G_A_50__GCCTACATACC	GCCTACATACC
FIRE-ST_chr18:61108596-61108855_G_T_50__TACCATAGCTT	TACCATAGCTT
FIRE-ST_chr18:61108596-61108855_G_C_50__CATAACGCCGG	CATAACGCCGG
FIRE-ST_chr18:61108596-61108855_C_A_51__ACGTAACCGCG	ACGTAACCGCG
FIRE-ST_chr18:61108596-61108855_C_T_51__CATGCGGATTA	CATGCGGATTA
FIRE-ST_chr18:61108596-61108855_C_G_51__GGAATCGGTCG	GGAATCGGTCG
FIRE-ST_chr18:61108596-61108855_G_A_52__ATACCATCGTT	ATACCATCGTT
FIRE-ST_chr18:61108596-61108855_G_T_52__CGCTTATTAGG	CGCTTATTAGG
FIRE-ST_chr18:61108596-61108855_G_C_52__TAATGAACGAC	TAATGAACGAC
FIRE-ST_chr18:61108596-61108855_G_A_53__CCTGACGGAGT	CCTGACGGAGT
FIRE-ST_chr18:61108596-61108855_G_T_53__ATAGGATCGCC	ATAGGATCGCC
FIRE-ST_chr18:61108596-61108855_G_C_53__CATATTGATCC	CATATTGATCC
FIRE-ST_chr18:61108596-61108855_A_T_54__ACCAGAGCGGA	ACCAGAGCGGA
FIRE-ST_chr18:61108596-61108855_A_G_54__AGGTGCTTGAG	AGGTGCTTGAG
FIRE-ST_chr18:61108596-61108855_A_C_54__TTGTCTCTTCC	TTGTCTCTTCC
FIRE-ST_chr18:61108596-61108855_A_T_55__CCGCGTCACAA	CCGCGTCACAA
FIRE-ST_chr18:61108596-61108855_A_G_55__TTGCTAGGACA	TTGCTAGGACA
FIRE-ST_chr18:61108596-61108855_A_C_55__AACTGTCTCTT	AACTGTCTCTT
FIRE-ST_chr18:61108596-61108855_A_T_56__CGTCTATATGA	CGTCTATATGA
FIRE-ST_chr18:61108596-61108855_A_G_56__GAGATCACTAA	GAGATCACTAA
FIRE-ST_chr18:61108596-61108855_A_C_56__CCGAGATATTC	CCGAGATATTC
FIRE-ST_chr18:61108596-61108855_C_A_57__CATTGCATTAC	CATTGCATTAC
FIRE-ST_chr18:61108596-61108855_C_T_57__CACGCGCTGTT	CACGCGCTGTT
FIRE-ST_chr18:61108596-61108855_C_G_57__CTAAGCAACAT	CTAAGCAACAT
FIRE-ST_chr18:61108596-61108855_C_A_58__GCTTCTCCTCG	GCTTCTCCTCG
FIRE-ST_chr18:61108596-61108855_C_T_58__ATCTTGTCGCC	ATCTTGTCGCC
FIRE-ST_chr18:61108596-61108855_C_G_58__CAAGAGCTGTC	CAAGAGCTGTC
FIRE-ST_chr18:61108596-61108855_A_T_59__ATCGGAACAGG	ATCGGAACAGG
FIRE-ST_chr18:61108596-61108855_A_G_59__TTCGACGCAGG	TTCGACGCAGG
FIRE-ST_chr18:61108596-61108855_A_C_59__AACAACACTGA	AACAACACTGA
FIRE-ST_chr18:61108596-61108855_G_A_60__GATAATGATGG	GATAATGATGG
FIRE-ST_chr18:61108596-61108855_G_T_60__ATCCACACTTC	ATCCACACTTC
FIRE-ST_chr18:61108596-61108855_G_C_60__TCAAGGTCAAC	TCAAGGTCAAC
FIRE-ST_chr18:61108596-61108855_G_A_61__TCATAACCAGA	TCATAACCAGA
FIRE-ST_chr18:61108596-61108855_G_T_61__GCGATGTAAGG	GCGATGTAAGG
FIRE-ST_chr18:61108596-61108855_G_C_61__TTAAGCCAGTG	TTAAGCCAGTG
FIRE-ST_chr18:61108596-61108855_G_A_62__AACCGACAACC	AACCGACAACC
FIRE-ST_chr18:61108596-61108855_G_T_62__ACACCAGTTAA	ACACCAGTTAA
FIRE-ST_chr18:61108596-61108855_G_C_62__GCGTCCTCTAG	GCGTCCTCTAG
FIRE-ST_chr18:61108596-61108855_C_A_63__ACCTAATCGCC	ACCTAATCGCC
FIRE-ST_chr18:61108596-61108855_C_T_63__GGTCGCGTTAC	GGTCGCGTTAC
FIRE-ST_chr18:61108596-61108855_C_G_63__TGCGAGTAGAT	TGCGAGTAGAT
FIRE-ST_chr18:61108596-61108855_C_A_64__CACGCTCAACC	CACGCTCAACC
FIRE-ST_chr18:61108596-61108855_C_T_64__CCTGATTAGCT	CCTGATTAGCT
FIRE-ST_chr18:61108596-61108855_C_G_64__TGTCTCTATGG	TGTCTCTATGG
FIRE-ST_chr18:61108596-61108855_A_T_65__GGTACGCCACT	GGTACGCCACT
FIRE-ST_chr18:61108596-61108855_A_G_65__AGGTTCAGCGT	AGGTTCAGCGT
FIRE-ST_chr18:61108596-61108855_A_C_65__GCCATCCTGCA	GCCATCCTGCA
FIRE-ST_chr18:61108596-61108855_G_A_66__AATATACACCG	AATATACACCG
FIRE-ST_chr18:61108596-61108855_G_T_66__GTGGTTAATCA	GTGGTTAATCA
FIRE-ST_chr18:61108596-61108855_G_C_66__AGCACGTCTGT	AGCACGTCTGT
FIRE-ST_chr18:61108596-61108855_C_A_67__TCGCTTACTTC	TCGCTTACTTC
FIRE-ST_chr18:61108596-61108855_C_T_67__ATAGAGTCATG	ATAGAGTCATG
FIRE-ST_chr18:61108596-61108855_C_G_67__AAGAACATTGG	AAGAACATTGG
FIRE-ST_chr18:61108596-61108855_C_A_68__CGCAGTTACCT	CGCAGTTACCT
FIRE-ST_chr18:61108596-61108855_C_T_68__CGAGCTGCGAT	CGAGCTGCGAT
FIRE-ST_chr18:61108596-61108855_C_G_68__GTTGTTACTTC	GTTGTTACTTC
FIRE-ST_chr18:61108596-61108855_G_A_69__ATCGTCCTCGC	ATCGTCCTCGC
FIRE-ST_chr18:61108596-61108855_G_T_69__GGAACTACGTG	GGAACTACGTG
FIRE-ST_chr18:61108596-61108855_G_C_69__CGTCACTCTCT	CGTCACTCTCT
FIRE-ST_chr18:61108596-61108855_G_A_70__CCAAGGTCTAT	CCAAGGTCTAT
FIRE-ST_chr18:61108596-61108855_G_T_70__ACATCAAGGAA	ACATCAAGGAA
FIRE-ST_chr18:61108596-61108855_G_C_70__AGCGTTCAGAT	AGCGTTCAGAT
FIRE-ST_chr18:61108596-61108855_G_A_71__TAGGTTGCGAA	TAGGTTGCGAA
FIRE-ST_chr18:61108596-61108855_G_T_71__TGCAGTTGTGG	TGCAGTTGTGG
FIRE-ST_chr18:61108596-61108855_G_C_71__TGTTGCGTCCG	TGTTGCGTCCG
FIRE-ST_chr18:61108596-61108855_T_A_72__GCGAACAATAA	GCGAACAATAA
FIRE-ST_chr18:61108596-61108855_T_G_72__AGCTGTCGCGT	AGCTGTCGCGT
FIRE-ST_chr18:61108596-61108855_T_C_72__CCAGACCGTTC	CCAGACCGTTC
FIRE-ST_chr18:61108596-61108855_G_A_73__GGACCATCGCA	GGACCATCGCA
FIRE-ST_chr18:61108596-61108855_G_T_73__CTATATTCTCC	CTATATTCTCC
FIRE-ST_chr18:61108596-61108855_G_C_73__AGCTCTCGCAC	AGCTCTCGCAC
FIRE-ST_chr18:61108596-61108855_C_A_74__CACATAAGCCA	CACATAAGCCA
FIRE-ST_chr18:61108596-61108855_C_T_74__ATAATCCGAAG	ATAATCCGAAG
FIRE-ST_chr18:61108596-61108855_C_G_74__TGCACTAAGAT	TGCACTAAGAT
FIRE-ST_chr18:61108596-61108855_C_A_75__TAGAAGCCAAC	TAGAAGCCAAC
FIRE-ST_chr18:61108596-61108855_C_T_75__TATAGTGTGGT	TATAGTGTGGT
FIRE-ST_chr18:61108596-61108855_C_G_75__GCGAGCAATCT	GCGAGCAATCT
FIRE-ST_chr18:61108596-61108855_A_T_76__ATGGAACCTGA	ATGGAACCTGA
FIRE-ST_chr18:61108596-61108855_A_G_76__ACCGACGACAT	ACCGACGACAT
FIRE-ST_chr18:61108596-61108855_A_C_76__CCGTCTCCTAA	CCGTCTCCTAA
FIRE-ST_chr18:61108596-61108855_G_A_77__GCTTCGCCTAA	GCTTCGCCTAA
FIRE-ST_chr18:61108596-61108855_G_T_77__ACTTCTCACCA	ACTTCTCACCA
FIRE-ST_chr18:61108596-61108855_G_C_77__ACGATCTTCAA	ACGATCTTCAA
FIRE-ST_chr18:61108596-61108855_C_A_78__CTAGCCTCATG	CTAGCCTCATG
FIRE-ST_chr18:61108596-61108855_C_T_78__TATTCGACTTG	TATTCGACTTG
FIRE-ST_chr18:61108596-61108855_C_G_78__ACCAACATACT	ACCAACATACT
FIRE-ST_chr18:61108596-61108855_A_T_79__CGTTCGATGCG	CGTTCGATGCG
FIRE-ST_chr18:61108596-61108855_A_G_79__TTGTGCGTTCC	TTGTGCGTTCC
FIRE-ST_chr18:61108596-61108855_A_C_79__TCGTTATCGTC	TCGTTATCGTC
FIRE-ST_chr18:61108596-61108855_A_T_80__CCGTACTGTGG	CCGTACTGTGG
FIRE-ST_chr18:61108596-61108855_A_G_80__AATGGAGGAGG	AATGGAGGAGG
FIRE-ST_chr18:61108596-61108855_A_C_80__AAGGTGTAAGG	AAGGTGTAAGG
FIRE-ST_chr18:61108596-61108855_T_A_81__AGTTGAAGCAG	AGTTGAAGCAG
FIRE-ST_chr18:61108596-61108855_T_G_81__AACAGCCATTG	AACAGCCATTG
FIRE-ST_chr18:61108596-61108855_T_C_81__ACAACAATCTG	ACAACAATCTG
FIRE-ST_chr18:61108596-61108855_G_A_82__TGCCAGAATCA	TGCCAGAATCA
FIRE-ST_chr18:61108596-61108855_G_T_82__AATCTATGCCA	AATCTATGCCA
FIRE-ST_chr18:61108596-61108855_G_C_82__ATGACGGACGC	ATGACGGACGC
FIRE-ST_chr18:61108596-61108855_T_A_83__GATGACCGCAC	GATGACCGCAC
FIRE-ST_chr18:61108596-61108855_T_G_83__ATAACTAGGTG	ATAACTAGGTG
FIRE-ST_chr18:61108596-61108855_T_C_83__CGATTAGAAGC	CGATTAGAAGC
FIRE-ST_chr18:61108596-61108855_G_A_84__CCAATGAGGTG	CCAATGAGGTG
FIRE-ST_chr18:61108596-61108855_G_T_84__CCTCGTCAATG	CCTCGTCAATG
FIRE-ST_chr18:61108596-61108855_G_C_84__TGATAAGACGT	TGATAAGACGT
FIRE-ST_chr18:61108596-61108855_T_A_85__CTTCCACACCT	CTTCCACACCT
FIRE-ST_chr18:61108596-61108855_T_G_85__AGTCACAGGTA	AGTCACAGGTA
FIRE-ST_chr18:61108596-61108855_T_C_85__AACCAAGCCGC	AACCAAGCCGC
FIRE-ST_chr18:61108596-61108855_T_A_86__TCCAACGGTGA	TCCAACGGTGA
FIRE-ST_chr18:61108596-61108855_T_G_86__ATAAGCAATGG	ATAAGCAATGG
FIRE-ST_chr18:61108596-61108855_T_C_86__TTCCTCAGTAA	TTCCTCAGTAA
FIRE-ST_chr18:61108596-61108855_T_A_87__TGAGCTTGTCC	TGAGCTTGTCC
FIRE-ST_chr18:61108596-61108855_T_G_87__CACGATCTCTA	CACGATCTCTA
FIRE-ST_chr18:61108596-61108855_T_C_87__ATGCACGATAA	ATGCACGATAA
FIRE-ST_chr18:61108596-61108855_C_A_88__TCTCTCAGCTA	TCTCTCAGCTA
FIRE-ST_chr18:61108596-61108855_C_T_88__GCATGTGGTGG	GCATGTGGTGG
FIRE-ST_chr18:61108596-61108855_C_G_88__GTAGACGTATG	GTAGACGTATG
FIRE-ST_chr18:61108596-61108855_C_A_89__CATTATACCAC	CATTATACCAC
FIRE-ST_chr18:61108596-61108855_C_T_89__CACTTCCAATG	CACTTCCAATG
FIRE-ST_chr18:61108596-61108855_C_G_89__GAAGCGGTGTT	GAAGCGGTGTT
FIRE-ST_chr18:61108596-61108855_G_A_90__AGAGCTTATGG	AGAGCTTATGG
FIRE-ST_chr18:61108596-61108855_G_T_90__GGTCACAACTT	GGTCACAACTT
FIRE-ST_chr18:61108596-61108855_G_C_90__GGATACCACGC	GGATACCACGC
FIRE-ST_chr18:61108596-61108855_C_A_91__AGGTGTCTGGT	AGGTGTCTGGT
FIRE-ST_chr18:61108596-61108855_C_T_91__TTGCATACTGG	TTGCATACTGG
FIRE-ST_chr18:61108596-61108855_C_G_91__TAATCACACCG	TAATCACACCG
FIRE-ST_chr18:61108596-61108855_C_A_92__GGTGAACAAGA	GGTGAACAAGA
FIRE-ST_chr18:61108596-61108855_C_T_92__AGAACTGCCGC	AGAACTGCCGC
FIRE-ST_chr18:61108596-61108855_C_G_92__CCACAACGTAA	CCACAACGTAA
FIRE-ST_chr18:61108596-61108855_C_A_93__AATTGTGCCGG	AATTGTGCCGG
FIRE-ST_chr18:61108596-61108855_C_T_93__GCCGCGCAATA	GCCGCGCAATA
FIRE-ST_chr18:61108596-61108855_C_G_93__GAATGAATCGT	GAATGAATCGT
FIRE-ST_chr18:61108596-61108855_A_T_94__TGCGTGGTATG	TGCGTGGTATG
FIRE-ST_chr18:61108596-61108855_A_G_94__TTAACCTCACA	TTAACCTCACA
FIRE-ST_chr18:61108596-61108855_A_C_94__CGTATATCAAC	CGTATATCAAC
FIRE-ST_chr18:61108596-61108855_C_A_95__ATTAAGGACTG	ATTAAGGACTG
FIRE-ST_chr18:61108596-61108855_C_T_95__CCACCGGAGAA	CCACCGGAGAA
FIRE-ST_chr18:61108596-61108855_C_G_95__ATCTGCAACGA	ATCTGCAACGA
FIRE-ST_chr18:61108596-61108855_A_T_96__AAGACGAGCAA	AAGACGAGCAA
FIRE-ST_chr18:61108596-61108855_A_G_96__AAGTGCCATCC	AAGTGCCATCC
FIRE-ST_chr18:61108596-61108855_A_C_96__AGTAGATCAGG	AGTAGATCAGG
FIRE-ST_chr18:61108596-61108855_C_A_97__TGGAACATCGG	TGGAACATCGG
FIRE-ST_chr18:61108596-61108855_C_T_97__GTATATCCGTC	GTATATCCGTC
FIRE-ST_chr18:61108596-61108855_C_G_97__GAGTTACATCG	GAGTTACATCG
FIRE-ST_chr18:61108596-61108855_A_T_98__GTGGTGCAACA	GTGGTGCAACA
FIRE-ST_chr18:61108596-61108855_A_G_98__GTCACTGCGTC	GTCACTGCGTC
FIRE-ST_chr18:61108596-61108855_A_C_98__CCGTAAGCGAC	CCGTAAGCGAC
FIRE-ST_chr18:61108596-61108855_G_A_99__GGTGGAGATAA	GGTGGAGATAA
FIRE-ST_chr18:61108596-61108855_G_T_99__GTGTTAAGCCA	GTGTTAAGCCA
FIRE-ST_chr18:61108596-61108855_G_C_99__TACTCAATAGG	TACTCAATAGG
FIRE-ST_chr18:61108596-61108855_G_A_100__ACCGGAATAGC	ACCGGAATAGC
FIRE-ST_chr18:61108596-61108855_G_T_100__GCGTATGTCGG	GCGTATGTCGG
FIRE-ST_chr18:61108596-61108855_G_C_100__CACAACTGACC	CACAACTGACC
FIRE-ST_chr18:61108596-61108855_C_A_101__GTGGTGAGTGG	GTGGTGAGTGG
FIRE-ST_chr18:61108596-61108855_C_T_101__TAACCATTGAC	TAACCATTGAC
FIRE-ST_chr18:61108596-61108855_C_G_101__TGCGGTATTAA	TGCGGTATTAA
FIRE-ST_chr18:61108596-61108855_C_A_102__AACGAGCCTAA	AACGAGCCTAA
FIRE-ST_chr18:61108596-61108855_C_T_102__GTGGTACTTAA	GTGGTACTTAA
FIRE-ST_chr18:61108596-61108855_C_G_102__GAGCATGTGTT	GAGCATGTGTT
FIRE-ST_chr18:61108596-61108855_G_A_103__ACATGCACAAG	ACATGCACAAG
FIRE-ST_chr18:61108596-61108855_G_T_103__TACATGAATCC	TACATGAATCC
FIRE-ST_chr18:61108596-61108855_G_C_103__ATGACAACGAC	ATGACAACGAC
FIRE-ST_chr18:61108596-61108855_G_A_104__CGCGACTATCC	CGCGACTATCC
FIRE-ST_chr18:61108596-61108855_G_T_104__GTACTGTCTTA	GTACTGTCTTA
FIRE-ST_chr18:61108596-61108855_G_C_104__AAGGTCTACAC	AAGGTCTACAC
FIRE-ST_chr18:61108596-61108855_G_A_105__ATAGCGTGACT	ATAGCGTGACT
FIRE-ST_chr18:61108596-61108855_G_T_105__CTCAAGCAAGT	CTCAAGCAAGT
FIRE-ST_chr18:61108596-61108855_G_C_105__AATCGTTACAC	AATCGTTACAC
FIRE-ST_chr18:61108596-61108855_G_A_106__GCTGCTGCCTT	GCTGCTGCCTT
FIRE-ST_chr18:61108596-61108855_G_T_106__GCCACGCTACT	GCCACGCTACT
FIRE-ST_chr18:61108596-61108855_G_C_106__AAGAGCATTAC	AAGAGCATTAC
FIRE-ST_chr18:61108596-61108855_G_A_107__GCATGTTAGAA	GCATGTTAGAA
FIRE-ST_chr18:61108596-61108855_G_T_107__CCGTGGTATCA	CCGTGGTATCA
FIRE-ST_chr18:61108596-61108855_G_C_107__GTGCATAAGGT	GTGCATAAGGT
FIRE-ST_chr18:61108596-61108855_C_A_108__TCGTTCCTATG	TCGTTCCTATG
FIRE-ST_chr18:61108596-61108855_C_T_108__TACTTGACCTA	TACTTGACCTA
FIRE-ST_chr18:61108596-61108855_C_G_108__TAACAATCCAC	TAACAATCCAC
FIRE-ST_chr18:61108596-61108855_G_A_109__GTAATCGCCAA	GTAATCGCCAA
FIRE-ST_chr18:61108596-61108855_G_T_109__GTATCGAACTT	GTATCGAACTT
FIRE-ST_chr18:61108596-61108855_G_C_109__TCCGCATGTAC	TCCGCATGTAC
FIRE-ST_chr18:61108596-61108855_C_A_110__CACCGAGGATA	CACCGAGGATA
FIRE-ST_chr18:61108596-61108855_C_T_110__TTCTATCCTAC	TTCTATCCTAC
FIRE-ST_chr18:61108596-61108855_C_G_110__TTGCACCACAC	TTGCACCACAC
FIRE-ST_chr18:61108596-61108855_C_A_111__TGGTCTCCGCT	TGGTCTCCGCT
FIRE-ST_chr18:61108596-61108855_C_T_111__ACCGAATGGAG	ACCGAATGGAG
FIRE-ST_chr18:61108596-61108855_C_G_111__AAGCTCAAGTT	AAGCTCAAGTT
FIRE-ST_chr18:61108596-61108855_T_A_112__TCAACTGTCGA	TCAACTGTCGA
FIRE-ST_chr18:61108596-61108855_T_G_112__AGCATCAGCGG	AGCATCAGCGG
FIRE-ST_chr18:61108596-61108855_T_C_112__GCAAGTTCTAA	GCAAGTTCTAA
FIRE-ST_chr18:61108596-61108855_G_A_113__TGTATAGCGTT	TGTATAGCGTT
FIRE-ST_chr18:61108596-61108855_G_T_113__TTGGTATAACG	TTGGTATAACG
FIRE-ST_chr18:61108596-61108855_G_C_113__ATAACTGATCG	ATAACTGATCG
FIRE-ST_chr18:61108596-61108855_C_A_114__TCCGACATCAC	TCCGACATCAC
FIRE-ST_chr18:61108596-61108855_C_T_114__CGCGTGTCCAA	CGCGTGTCCAA
FIRE-ST_chr18:61108596-61108855_C_G_114__GCTGCACTAGG	GCTGCACTAGG
FIRE-ST_chr18:61108596-61108855_C_A_115__ACCGCAGTGAG	ACCGCAGTGAG
FIRE-ST_chr18:61108596-61108855_C_T_115__ACGCAAGGTGA	ACGCAAGGTGA
FIRE-ST_chr18:61108596-61108855_C_G_115__ATCCATATCGC	ATCCATATCGC
FIRE-ST_chr18:61108596-61108855_A_T_116__AACAAGCTACG	AACAAGCTACG
FIRE-ST_chr18:61108596-61108855_A_G_116__ACTCTGCTCCG	ACTCTGCTCCG
FIRE-ST_chr18:61108596-61108855_A_C_116__GCGTTGACTAC	GCGTTGACTAC
FIRE-ST_chr18:61108596-61108855_G_A_117__GCCTGTCACGT	GCCTGTCACGT
FIRE-ST_chr18:61108596-61108855_G_T_117__AAGAGGTGAAT	AAGAGGTGAAT
FIRE-ST_chr18:61108596-61108855_G_C_117__AGCCGTGCCAA	AGCCGTGCCAA
FIRE-ST_chr18:61108596-61108855_G_A_118__ACCGATTAAGG	ACCGATTAAGG
FIRE-ST_chr18:61108596-61108855_G_T_118__CAACATACACG	CAACATACACG
FIRE-ST_chr18:61108596-61108855_G_C_118__TATCTCGCGCA	TATCTCGCGCA
FIRE-ST_chr18:61108596-61108855_C_A_119__AATGGTATGCG	AATGGTATGCG
FIRE-ST_chr18:61108596-61108855_C_T_119__GGACGCTGAGA	GGACGCTGAGA
FIRE-ST_chr18:61108596-61108855_C_G_119__AATCACATCAG	AATCACATCAG
FIRE-ST_chr18:61108596-61108855_C_A_120__AAGAGTGGAGA	AAGAGTGGAGA
FIRE-ST_chr18:61108596-61108855_C_T_120__ATTAGAGTAGG	ATTAGAGTAGG
FIRE-ST_chr18:61108596-61108855_C_G_120__ACAATCGTATC	ACAATCGTATC
FIRE-ST_chr18:61108596-61108855_C_A_121__TGAGTATCCGG	TGAGTATCCGG
FIRE-ST_chr18:61108596-61108855_C_T_121__AAGACCACTGC	AAGACCACTGC
FIRE-ST_chr18:61108596-61108855_C_G_121__CGTGAGCAGAT	CGTGAGCAGAT
FIRE-ST_chr18:61108596-61108855_T_A_122__ATCGACGCTCC	ATCGACGCTCC
FIRE-ST_chr18:61108596-61108855_T_G_122__ACATGGACTCT	ACATGGACTCT
FIRE-ST_chr18:61108596-61108855_T_C_122__ATCTTCTTCCA	ATCTTCTTCCA
FIRE-ST_chr18:61108596-61108855_C_A_123__ACAATATCCTG	ACAATATCCTG
FIRE-ST_chr18:61108596-61108855_C_T_123__ACACTACTCAG	ACACTACTCAG
FIRE-ST_chr18:61108596-61108855_C_G_123__CTGGAGACACC	CTGGAGACACC
FIRE-ST_chr18:61108596-61108855_A_T_124__GCTCTTCTACG	GCTCTTCTACG
FIRE-ST_chr18:61108596-61108855_A_G_124__TCGAATGAGAA	TCGAATGAGAA
FIRE-ST_chr18:61108596-61108855_A_C_124__TTCCTGCTACC	TTCCTGCTACC
FIRE-ST_chr18:61108596-61108855_G_A_125__CGTCTGAACTA	CGTCTGAACTA
FIRE-ST_chr18:61108596-61108855_G_T_125__AGACAGCTAAC	AGACAGCTAAC
FIRE-ST_chr18:61108596-61108855_G_C_125__GCTGATATTAC	GCTGATATTAC
FIRE-ST_chr18:61108596-61108855_A_T_126__TAGTACAGACC	TAGTACAGACC
FIRE-ST_chr18:61108596-61108855_A_G_126__GCGGATCTAGG	GCGGATCTAGG
FIRE-ST_chr18:61108596-61108855_A_C_126__TCGTCGCAACT	TCGTCGCAACT
FIRE-ST_chr18:61108596-61108855_G_A_127__TGGTCGAGCAT	TGGTCGAGCAT
FIRE-ST_chr18:61108596-61108855_G_T_127__GAAGTCGTCCT	GAAGTCGTCCT
FIRE-ST_chr18:61108596-61108855_G_C_127__CAGCGTAATTC	CAGCGTAATTC
FIRE-ST_chr18:61108596-61108855_G_A_128__AACAGAACAGA	AACAGAACAGA
FIRE-ST_chr18:61108596-61108855_G_T_128__CGATAACGATA	CGATAACGATA
FIRE-ST_chr18:61108596-61108855_G_C_128__AGCTGCCTGTG	AGCTGCCTGTG
FIRE-ST_chr18:61108596-61108855_C_A_129__AGTAGGTCTTC	AGTAGGTCTTC
FIRE-ST_chr18:61108596-61108855_C_T_129__AGACGGAAGGA	AGACGGAAGGA
FIRE-ST_chr18:61108596-61108855_C_G_129__GCAACCAGAAG	GCAACCAGAAG
FIRE-ST_chr18:61108596-61108855_T_A_130__ATGCGGTCGGT	ATGCGGTCGGT
FIRE-ST_chr18:61108596-61108855_T_G_130__TATGCTGTGTA	TATGCTGTGTA
FIRE-ST_chr18:61108596-61108855_T_C_130__GAGCGTCGGAA	GAGCGTCGGAA
FIRE-ST_chr18:61108596-61108855_G_A_131__TACCAGTGCGA	TACCAGTGCGA
FIRE-ST_chr18:61108596-61108855_G_T_131__AGGTTCGGACA	AGGTTCGGACA
FIRE-ST_chr18:61108596-61108855_G_C_131__ACTCCGGTCTC	ACTCCGGTCTC
FIRE-ST_chr18:61108596-61108855_T_A_132__TCTACGTTACC	TCTACGTTACC
FIRE-ST_chr18:61108596-61108855_T_G_132__GCTCATATCAA	GCTCATATCAA
FIRE-ST_chr18:61108596-61108855_T_C_132__CGACACTAATA	CGACACTAATA
FIRE-ST_chr18:61108596-61108855_G_A_133__TGTGAACTTGG	TGTGAACTTGG
FIRE-ST_chr18:61108596-61108855_G_T_133__AATAGCGTAAG	AATAGCGTAAG
FIRE-ST_chr18:61108596-61108855_G_C_133__GTGGAAGGTAC	GTGGAAGGTAC
FIRE-ST_chr18:61108596-61108855_A_T_134__GTACATCCACT	GTACATCCACT
FIRE-ST_chr18:61108596-61108855_A_G_134__ATCCATCTAAC	ATCCATCTAAC
FIRE-ST_chr18:61108596-61108855_A_C_134__GACCGTGACAG	GACCGTGACAG
FIRE-ST_chr18:61108596-61108855_A_T_135__ACTTAGAATGG	ACTTAGAATGG
FIRE-ST_chr18:61108596-61108855_A_G_135__GGACTTGACGC	GGACTTGACGC
FIRE-ST_chr18:61108596-61108855_A_C_135__ATGAGCCAGGA	ATGAGCCAGGA
FIRE-ST_chr18:61108596-61108855_T_A_136__ACAGCTTCTTG	ACAGCTTCTTG
FIRE-ST_chr18:61108596-61108855_T_G_136__ATTGTCCACTT	ATTGTCCACTT
FIRE-ST_chr18:61108596-61108855_T_C_136__CCGAATCCTGC	CCGAATCCTGC
FIRE-ST_chr18:61108596-61108855_C_A_137__GTTGATCCGCT	GTTGATCCGCT
FIRE-ST_chr18:61108596-61108855_C_T_137__GTCTACGTTGT	GTCTACGTTGT
FIRE-ST_chr18:61108596-61108855_C_G_137__GGACCTGTATA	GGACCTGTATA
FIRE-ST_chr18:61108596-61108855_A_T_138__GTCGTTAAGAA	GTCGTTAAGAA
FIRE-ST_chr18:61108596-61108855_A_G_138__TCGAGACCTTG	TCGAGACCTTG
FIRE-ST_chr18:61108596-61108855_A_C_138__AGCCTCCTGAC	AGCCTCCTGAC
FIRE-ST_chr18:61108596-61108855_G_A_139__TCTTCCAGGTT	TCTTCCAGGTT
FIRE-ST_chr18:61108596-61108855_G_T_139__CTTCGACCTGG	CTTCGACCTGG
FIRE-ST_chr18:61108596-61108855_G_C_139__CATTACCATTG	CATTACCATTG
FIRE-ST_chr18:61108596-61108855_T_A_140__GATCACCGTCC	GATCACCGTCC
FIRE-ST_chr18:61108596-61108855_T_G_140__GAGAACCAGTC	GAGAACCAGTC
FIRE-ST_chr18:61108596-61108855_T_C_140__AACACTATCTG	AACACTATCTG
FIRE-ST_chr18:61108596-61108855_T_A_141__CGCAGGAGAAT	CGCAGGAGAAT
FIRE-ST_chr18:61108596-61108855_T_G_141__TACAATTCCGA	TACAATTCCGA
FIRE-ST_chr18:61108596-61108855_T_C_141__ACCGACTTCCT	ACCGACTTCCT
FIRE-ST_chr18:61108596-61108855_C_A_142__CATCCTGTGCA	CATCCTGTGCA
FIRE-ST_chr18:61108596-61108855_C_T_142__GAACCGCTAAC	GAACCGCTAAC
FIRE-ST_chr18:61108596-61108855_C_G_142__CGATAGTTCCA	CGATAGTTCCA
FIRE-ST_chr18:61108596-61108855_T_A_143__GTGTCAACCGA	GTGTCAACCGA
FIRE-ST_chr18:61108596-61108855_T_G_143__ACTTGTCCAGA	ACTTGTCCAGA
FIRE-ST_chr18:61108596-61108855_T_C_143__CATGTTCAAGC	CATGTTCAAGC
FIRE-ST_chr18:61108596-61108855_C_A_144__ATTCAGGAGAT	ATTCAGGAGAT
FIRE-ST_chr18:61108596-61108855_C_T_144__AGTGTTATAGG	AGTGTTATAGG
FIRE-ST_chr18:61108596-61108855_C_G_144__GATTATGCCTG	GATTATGCCTG
FIRE-ST_chr18:61108596-61108855_A_T_145__CAACCTTCTAA	CAACCTTCTAA
FIRE-ST_chr18:61108596-61108855_A_G_145__CTTCTTGCTAA	CTTCTTGCTAA
FIRE-ST_chr18:61108596-61108855_A_C_145__AGTTCGCTCCT	AGTTCGCTCCT
FIRE-ST_chr18:61108596-61108855_C_A_146__CCGCTAACACT	CCGCTAACACT
FIRE-ST_chr18:61108596-61108855_C_T_146__TAATCCTCTGC	TAATCCTCTGC
FIRE-ST_chr18:61108596-61108855_C_G_146__GGTAAGACTAA	GGTAAGACTAA
FIRE-ST_chr18:61108596-61108855_T_A_147__ACACCGTTGGA	ACACCGTTGGA
FIRE-ST_chr18:61108596-61108855_T_G_147__GACTCGCAGGT	GACTCGCAGGT
FIRE-ST_chr18:61108596-61108855_T_C_147__GTCAAGTAGTT	GTCAAGTAGTT
FIRE-ST_chr18:61108596-61108855_T_A_148__GGAGTCTGCAA	GGAGTCTGCAA
FIRE-ST_chr18:61108596-61108855_T_G_148__ATAATTCAGCG	ATAATTCAGCG
FIRE-ST_chr18:61108596-61108855_T_C_148__GAGCAACGTGA	GAGCAACGTGA
FIRE-ST_chr18:61108596-61108855_C_A_149__ACATCGCTGGT	ACATCGCTGGT
FIRE-ST_chr18:61108596-61108855_C_T_149__GGTGGTCCTCT	GGTGGTCCTCT
FIRE-ST_chr18:61108596-61108855_C_G_149__CTTACACATCA	CTTACACATCA
FIRE-ST_chr18:61108596-61108855_C_A_150__GGACGCACCTT	GGACGCACCTT
FIRE-ST_chr18:61108596-61108855_C_T_150__ACGCTATCCTT	ACGCTATCCTT
FIRE-ST_chr18:61108596-61108855_C_G_150__ACGTCCGCCTT	ACGTCCGCCTT
FIRE-ST_chr18:61108596-61108855_C_A_151__AGCTCACACTG	AGCTCACACTG
FIRE-ST_chr18:61108596-61108855_C_T_151__AACTCACAGAT	AACTCACAGAT
FIRE-ST_chr18:61108596-61108855_C_G_151__TCGCAAGACGT	TCGCAAGACGT
FIRE-ST_chr18:61108596-61108855_C_A_152__CGACTCAATGC	CGACTCAATGC
FIRE-ST_chr18:61108596-61108855_C_T_152__CGCTACGTGAC	CGCTACGTGAC
FIRE-ST_chr18:61108596-61108855_C_G_152__TCACATACAGG	TCACATACAGG
FIRE-ST_chr18:61108596-61108855_C_A_153__CCGCTTCACGT	CCGCTTCACGT
FIRE-ST_chr18:61108596-61108855_C_T_153__AAGATACTCAG	AAGATACTCAG
FIRE-ST_chr18:61108596-61108855_C_G_153__AACACGTACAC	AACACGTACAC
FIRE-ST_chr18:61108596-61108855_C_A_154__CACTAAGAAGG	CACTAAGAAGG
FIRE-ST_chr18:61108596-61108855_C_T_154__GAGTGACGTAG	GAGTGACGTAG
FIRE-ST_chr18:61108596-61108855_C_G_154__ACGCTCCACAA	ACGCTCCACAA
FIRE-ST_chr18:61108596-61108855_T_A_155__ACTCACGCTAG	ACTCACGCTAG
FIRE-ST_chr18:61108596-61108855_T_G_155__ATGATACCAAC	ATGATACCAAC
FIRE-ST_chr18:61108596-61108855_T_C_155__CCTCAGCTTCG	CCTCAGCTTCG
FIRE-ST_chr18:61108596-61108855_T_A_156__ATAGACGTGTT	ATAGACGTGTT
FIRE-ST_chr18:61108596-61108855_T_G_156__CGGAAGACGGT	CGGAAGACGGT
FIRE-ST_chr18:61108596-61108855_T_C_156__TCATGTTACGC	TCATGTTACGC
FIRE-ST_chr18:61108596-61108855_C_A_157__GATTCACGTAA	GATTCACGTAA
FIRE-ST_chr18:61108596-61108855_C_T_157__GATTGGTCGCC	GATTGGTCGCC
FIRE-ST_chr18:61108596-61108855_C_G_157__ACGGACTACGG	ACGGACTACGG
FIRE-ST_chr18:61108596-61108855_C_A_158__TCGACGTGACA	TCGACGTGACA
FIRE-ST_chr18:61108596-61108855_C_T_158__CCAGTGCGGTA	CCAGTGCGGTA
FIRE-ST_chr18:61108596-61108855_C_G_158__CTACAGTGCAT	CTACAGTGCAT
FIRE-ST_chr18:61108596-61108855_C_A_159__ACGCTTACAGG	ACGCTTACAGG
FIRE-ST_chr18:61108596-61108855_C_T_159__CCAGACAGTGA	CCAGACAGTGA
FIRE-ST_chr18:61108596-61108855_C_G_159__AAGCATGTAGA	AAGCATGTAGA
FIRE-ST_chr18:61108596-61108855_C_A_160__CGCTCGTTCAC	CGCTCGTTCAC
FIRE-ST_chr18:61108596-61108855_C_T_160__AATGTTGACGA	AATGTTGACGA
FIRE-ST_chr18:61108596-61108855_C_G_160__ATTACAACAGC	ATTACAACAGC
FIRE-ST_chr18:61108596-61108855_C_A_161__ACAAGTTCAGG	ACAAGTTCAGG
FIRE-ST_chr18:61108596-61108855_C_T_161__GCTAACGTCCG	GCTAACGTCCG
FIRE-ST_chr18:61108596-61108855_C_G_161__CGTTCATTAAG	CGTTCATTAAG
FIRE-ST_chr18:61108596-61108855_C_A_162__ATTCGTGCGCG	ATTCGTGCGCG
FIRE-ST_chr18:61108596-61108855_C_T_162__AGAAGCTCGGT	AGAAGCTCGGT
FIRE-ST_chr18:61108596-61108855_C_G_162__ACGCCAAGGAC	ACGCCAAGGAC
FIRE-ST_chr18:61108596-61108855_T_A_163__TACACACCTCA	TACACACCTCA
FIRE-ST_chr18:61108596-61108855_T_G_163__TTACACCTCGG	TTACACCTCGG
FIRE-ST_chr18:61108596-61108855_T_C_163__CATCCTCCTCC	CATCCTCCTCC
FIRE-ST_chr18:61108596-61108855_A_T_164__AGGAAGTGCTC	AGGAAGTGCTC
FIRE-ST_chr18:61108596-61108855_A_G_164__CCTCGCGGTAT	CCTCGCGGTAT
FIRE-ST_chr18:61108596-61108855_A_C_164__ATCGGTAACTT	ATCGGTAACTT
FIRE-ST_chr18:61108596-61108855_T_A_165__GTCATGCTTGT	GTCATGCTTGT
FIRE-ST_chr18:61108596-61108855_T_G_165__AGACGCGACTG	AGACGCGACTG
FIRE-ST_chr18:61108596-61108855_T_C_165__GTCACCTAGAA	GTCACCTAGAA
FIRE-ST_chr18:61108596-61108855_T_A_166__CGCTTAATCAA	CGCTTAATCAA
FIRE-ST_chr18:61108596-61108855_T_G_166__TGATCGCCACC	TGATCGCCACC
FIRE-ST_chr18:61108596-61108855_T_C_166__AGCCAGTCTCA	AGCCAGTCTCA
FIRE-ST_chr18:61108596-61108855_T_A_167__ATGTATCTGCA	ATGTATCTGCA
FIRE-ST_chr18:61108596-61108855_T_G_167__AGACTAAGGTT	AGACTAAGGTT
FIRE-ST_chr18:61108596-61108855_T_C_167__AGAGCCTTCGG	AGAGCCTTCGG
FIRE-ST_chr18:61108596-61108855_C_A_168__GTTGTTGGATG	GTTGTTGGATG
FIRE-ST_chr18:61108596-61108855_C_T_168__CTTACAGTCGT	CTTACAGTCGT
FIRE-ST_chr18:61108596-61108855_C_G_168__TATTCTCTAGG	TATTCTCTAGG
FIRE-ST_chr18:61108596-61108855_A_T_169__GTTATGTTGCC	GTTATGTTGCC
FIRE-ST_chr18:61108596-61108855_A_G_169__TTGTGACCTGC	TTGTGACCTGC
FIRE-ST_chr18:61108596-61108855_A_C_169__GACCATCTCCT	GACCATCTCCT
FIRE-ST_chr18:61108596-61108855_A_T_170__GCCTAGATCGG	GCCTAGATCGG
FIRE-ST_chr18:61108596-61108855_A_G_170__AGGTACGAGCC	AGGTACGAGCC
FIRE-ST_chr18:61108596-61108855_A_C_170__TTACCTCGAAC	TTACCTCGAAC
FIRE-ST_chr18:61108596-61108855_G_A_171__ATTGGTAAGGA	ATTGGTAAGGA
FIRE-ST_chr18:61108596-61108855_G_T_171__AATTAGATCGG	AATTAGATCGG
FIRE-ST_chr18:61108596-61108855_G_C_171__GCCGACGTTCA	GCCGACGTTCA
FIRE-ST_chr18:61108596-61108855_C_A_172__TTCCAGTTGCT	TTCCAGTTGCT
FIRE-ST_chr18:61108596-61108855_C_T_172__TATACCTACGG	TATACCTACGG
FIRE-ST_chr18:61108596-61108855_C_G_172__GTCTGATACAC	GTCTGATACAC
FIRE-ST_chr18:61108596-61108855_C_A_173__TCGTCATTCTT	TCGTCATTCTT
FIRE-ST_chr18:61108596-61108855_C_T_173__AGACCGGATCG	AGACCGGATCG
FIRE-ST_chr18:61108596-61108855_C_G_173__ATCCGTCCGCA	ATCCGTCCGCA
FIRE-ST_chr18:61108596-61108855_T_A_174__ACTCTGTTGAA	ACTCTGTTGAA
FIRE-ST_chr18:61108596-61108855_T_G_174__GAGAGCTGTAA	GAGAGCTGTAA
FIRE-ST_chr18:61108596-61108855_T_C_174__CACACAGTCAA	CACACAGTCAA
FIRE-ST_chr18:61108596-61108855_G_A_175__GAAGTGAAGAA	GAAGTGAAGAA
FIRE-ST_chr18:61108596-61108855_G_T_175__GGACGAGTAGC	GGACGAGTAGC
FIRE-ST_chr18:61108596-61108855_G_C_175__CAGATATTAGC	CAGATATTAGC
FIRE-ST_chr18:61108596-61108855_G_A_176__ACCGATGCTAC	ACCGATGCTAC
FIRE-ST_chr18:61108596-61108855_G_T_176__GCATACGGACA	GCATACGGACA
FIRE-ST_chr18:61108596-61108855_G_C_176__CACCAAGATCA	CACCAAGATCA
FIRE-ST_chr18:61108596-61108855_G_A_177__GTATCTCCAGC	GTATCTCCAGC
FIRE-ST_chr18:61108596-61108855_G_T_177__TGGTCATGTTC	TGGTCATGTTC
FIRE-ST_chr18:61108596-61108855_G_C_177__CACCTCTGCTG	CACCTCTGCTG
FIRE-ST_chr18:61108596-61108855_A_T_178__GGTCTCCAGTA	GGTCTCCAGTA
FIRE-ST_chr18:61108596-61108855_A_G_178__ACTTAACGCAG	ACTTAACGCAG
FIRE-ST_chr18:61108596-61108855_A_C_178__TAGGATAGTGA	TAGGATAGTGA
FIRE-ST_chr18:61108596-61108855_A_T_179__GAGGTTGCTAC	GAGGTTGCTAC
FIRE-ST_chr18:61108596-61108855_A_G_179__GCGAAGTGTCC	GCGAAGTGTCC
FIRE-ST_chr18:61108596-61108855_A_C_179__CGATGCGTGCT	CGATGCGTGCT
FIRE-ST_chr18:61108596-61108855_A_T_180__GTGCTTAGATA	GTGCTTAGATA
FIRE-ST_chr18:61108596-61108855_A_G_180__ACAGAGTAAGC	ACAGAGTAAGC
FIRE-ST_chr18:61108596-61108855_A_C_180__GCAACTCTTCG	GCAACTCTTCG
FIRE-ST_chr18:61108596-61108855_A_T_181__CGTGAATGCCG	CGTGAATGCCG
FIRE-ST_chr18:61108596-61108855_A_G_181__GTAACGACTCA	GTAACGACTCA
FIRE-ST_chr18:61108596-61108855_A_C_181__CATACTCCATT	CATACTCCATT
FIRE-ST_chr18:61108596-61108855_A_T_182__ACTAAGGATTC	ACTAAGGATTC
FIRE-ST_chr18:61108596-61108855_A_G_182__ACATGAAGCGG	ACATGAAGCGG
FIRE-ST_chr18:61108596-61108855_A_C_182__ATTCTGCATCA	ATTCTGCATCA
FIRE-ST_chr18:61108596-61108855_T_A_183__CCTTGAATATC	CCTTGAATATC
FIRE-ST_chr18:61108596-61108855_T_G_183__TGGATGCAGAA	TGGATGCAGAA
FIRE-ST_chr18:61108596-61108855_T_C_183__GACTGGTACAA	GACTGGTACAA
FIRE-ST_chr18:61108596-61108855_G_A_184__GGAATAACAAC	GGAATAACAAC
FIRE-ST_chr18:61108596-61108855_G_T_184__CCATTCGTGCA	CCATTCGTGCA
FIRE-ST_chr18:61108596-61108855_G_C_184__CCGGTATGGAT	CCGGTATGGAT
FIRE-ST_chr18:61108596-61108855_C_A_185__GGTAGCCTCCT	GGTAGCCTCCT
FIRE-ST_chr18:61108596-61108855_C_T_185__AGCCTTCATGG	AGCCTTCATGG
FIRE-ST_chr18:61108596-61108855_C_G_185__GCGTTGCAGGT	GCGTTGCAGGT
FIRE-ST_chr18:61108596-61108855_T_A_186__GGTAACGGTGC	GGTAACGGTGC
FIRE-ST_chr18:61108596-61108855_T_G_186__CCGTGTGAATG	CCGTGTGAATG
FIRE-ST_chr18:61108596-61108855_T_C_186__AGTATTCTTGC	AGTATTCTTGC
FIRE-ST_chr18:61108596-61108855_G_A_187__CTCAATCTATG	CTCAATCTATG
FIRE-ST_chr18:61108596-61108855_G_T_187__ATGCAAGAACC	ATGCAAGAACC
FIRE-ST_chr18:61108596-61108855_G_C_187__CCTCGCACCTT	CCTCGCACCTT
FIRE-ST_chr18:61108596-61108855_A_T_188__CTTCGCGTTCC	CTTCGCGTTCC
FIRE-ST_chr18:61108596-61108855_A_G_188__CAGCTCGTGTT	CAGCTCGTGTT
FIRE-ST_chr18:61108596-61108855_A_C_188__TAACGGTGGTA	TAACGGTGGTA
FIRE-ST_chr18:61108596-61108855_C_A_189__GCACTTAGGTA	GCACTTAGGTA
FIRE-ST_chr18:61108596-61108855_C_T_189__ACTCAACACAT	ACTCAACACAT
FIRE-ST_chr18:61108596-61108855_C_G_189__AGCGCGGATTC	AGCGCGGATTC
FIRE-ST_chr18:61108596-61108855_A_T_190__ATCCTAATTCC	ATCCTAATTCC
FIRE-ST_chr18:61108596-61108855_A_G_190__AGTAACCATAG	AGTAACCATAG
FIRE-ST_chr18:61108596-61108855_A_C_190__ACATATTCCAG	ACATATTCCAG
FIRE-ST_chr18:61108596-61108855_C_A_191__TCTCTGCCTCA	TCTCTGCCTCA
FIRE-ST_chr18:61108596-61108855_C_T_191__TGTAACTGCGC	TGTAACTGCGC
FIRE-ST_chr18:61108596-61108855_C_G_191__TGAAGTGACCT	TGAAGTGACCT
FIRE-ST_chr18:61108596-61108855_C_A_192__TACCTTGGAGT	TACCTTGGAGT
FIRE-ST_chr18:61108596-61108855_C_T_192__ATGCGGTAGCC	ATGCGGTAGCC
FIRE-ST_chr18:61108596-61108855_C_G_192__AACCTCACCAA	AACCTCACCAA
FIRE-ST_chr18:61108596-61108855_A_T_193__TGTTGGTATAG	TGTTGGTATAG
FIRE-ST_chr18:61108596-61108855_A_G_193__CTGACCAACGT	CTGACCAACGT
FIRE-ST_chr18:61108596-61108855_A_C_193__CCACATAGTCC	CCACATAGTCC
FIRE-ST_chr18:61108596-61108855_C_A_194__ACACTTGCATC	ACACTTGCATC
FIRE-ST_chr18:61108596-61108855_C_T_194__GACAAGCTGCA	GACAAGCTGCA
FIRE-ST_chr18:61108596-61108855_C_G_194__TAATTGGTTCC	TAATTGGTTCC
FIRE-ST_chr18:61108596-61108855_A_T_195__GAGTCCTGAAG	GAGTCCTGAAG
FIRE-ST_chr18:61108596-61108855_A_G_195__GTCTAGCACGT	GTCTAGCACGT
FIRE-ST_chr18:61108596-61108855_A_C_195__ACCAGTAACGC	ACCAGTAACGC
FIRE-ST_chr18:61108596-61108855_C_A_196__AATAACCGCAT	AATAACCGCAT
FIRE-ST_chr18:61108596-61108855_C_T_196__ACCACCTATCC	ACCACCTATCC
FIRE-ST_chr18:61108596-61108855_C_G_196__ATCACGAGAGC	ATCACGAGAGC
FIRE-ST_chr18:61108596-61108855_A_T_197__ACTAGGAAGCT	ACTAGGAAGCT
FIRE-ST_chr18:61108596-61108855_A_G_197__CCGCCGATCAA	CCGCCGATCAA
FIRE-ST_chr18:61108596-61108855_A_C_197__CCACAAGATTC	CCACAAGATTC
FIRE-ST_chr18:61108596-61108855_G_A_198__TTATGCGGTAC	TTATGCGGTAC
FIRE-ST_chr18:61108596-61108855_G_T_198__CACCTTCGGAT	CACCTTCGGAT
FIRE-ST_chr18:61108596-61108855_G_C_198__TCCTCGTAGTT	TCCTCGTAGTT
FIRE-ST_chr18:61108596-61108855_G_A_199__CTCCAACATAA	CTCCAACATAA
FIRE-ST_chr18:61108596-61108855_G_T_199__TATATCGCCTC	TATATCGCCTC
FIRE-ST_chr18:61108596-61108855_G_C_199__CGCCGCAATTC	CGCCGCAATTC
FIRE-ST_chr18:61108596-61108855_C_A_200__CCGTTATACTC	CCGTTATACTC
FIRE-ST_chr18:61108596-61108855_C_T_200__CTCCACGTAGA	CTCCACGTAGA
FIRE-ST_chr18:61108596-61108855_C_G_200__TTGCCGACCGT	TTGCCGACCGT
FIRE-ST_chr18:61108596-61108855_A_T_201__TATATGCCAAG	TATATGCCAAG
FIRE-ST_chr18:61108596-61108855_A_G_201__CTGTGGAGGTA	CTGTGGAGGTA
FIRE-ST_chr18:61108596-61108855_A_C_201__AACTTCGAGAT	AACTTCGAGAT
FIRE-ST_chr18:61108596-61108855_A_T_202__TCATAGCCTCC	TCATAGCCTCC
FIRE-ST_chr18:61108596-61108855_A_G_202__TGTATAGATGC	TGTATAGATGC
FIRE-ST_chr18:61108596-61108855_A_C_202__CCATTGTGTGT	CCATTGTGTGT
FIRE-ST_chr18:61108596-61108855_C_A_203__GTACAAGATCG	GTACAAGATCG
FIRE-ST_chr18:61108596-61108855_C_T_203__ACCTGTAGTGG	ACCTGTAGTGG
FIRE-ST_chr18:61108596-61108855_C_G_203__ATGAAGTTAGC	ATGAAGTTAGC
FIRE-ST_chr18:61108596-61108855_G_A_204__TAATGTCCACG	TAATGTCCACG
FIRE-ST_chr18:61108596-61108855_G_T_204__GCGCAAGAGGA	GCGCAAGAGGA
FIRE-ST_chr18:61108596-61108855_G_C_204__CTCCGAACGAA	CTCCGAACGAA
FIRE-ST_chr18:61108596-61108855_A_T_205__GAATGCAGTCT	GAATGCAGTCT
FIRE-ST_chr18:61108596-61108855_A_G_205__GCACCTCAGTC	GCACCTCAGTC
FIRE-ST_chr18:61108596-61108855_A_C_205__TGAGCGTAGAA	TGAGCGTAGAA
FIRE-ST_chr18:61108596-61108855_G_A_206__CCTACTCGAAC	CCTACTCGAAC
FIRE-ST_chr18:61108596-61108855_G_T_206__GACTCTTAACC	GACTCTTAACC
FIRE-ST_chr18:61108596-61108855_G_C_206__GGTTAATCCGT	GGTTAATCCGT
FIRE-ST_chr18:61108596-61108855_C_A_207__ATTAGACTCCT	ATTAGACTCCT
FIRE-ST_chr18:61108596-61108855_C_T_207__TATACCACATC	TATACCACATC
FIRE-ST_chr18:61108596-61108855_C_G_207__ATTAACTACGC	ATTAACTACGC
FIRE-ST_chr18:61108596-61108855_C_A_208__TGTAGTGCAAG	TGTAGTGCAAG
FIRE-ST_chr18:61108596-61108855_C_T_208__TAGTCTGTGCA	TAGTCTGTGCA
FIRE-ST_chr18:61108596-61108855_C_G_208__GTAACCTCGCT	GTAACCTCGCT
FIRE-ST_chr18:61108596-61108855_T_A_209__CGTGACCTCGT	CGTGACCTCGT
FIRE-ST_chr18:61108596-61108855_T_G_209__ATTGTCGGATC	ATTGTCGGATC
FIRE-ST_chr18:61108596-61108855_T_C_209__TCGATTAACTC	TCGATTAACTC
FIRE-ST_chr18:61108596-61108855_C_A_210__TCTGTAGTATC	TCTGTAGTATC
FIRE-ST_chr18:61108596-61108855_C_T_210__CGAGCAATGAA	CGAGCAATGAA
FIRE-ST_chr18:61108596-61108855_C_G_210__ACGTACATCTT	ACGTACATCTT
FIRE-ST_chr18:61108596-61108855_C_A_211__AACGCAGATAA	AACGCAGATAA
FIRE-ST_chr18:61108596-61108855_C_T_211__CATAGTCTCTC	CATAGTCTCTC
FIRE-ST_chr18:61108596-61108855_C_G_211__TGAGTGTCTAA	TGAGTGTCTAA
FIRE-ST_chr18:61108596-61108855_T_A_212__ATCCAACAATG	ATCCAACAATG
FIRE-ST_chr18:61108596-61108855_T_G_212__GAACGCATCCG	GAACGCATCCG
FIRE-ST_chr18:61108596-61108855_T_C_212__TCATTGTATCC	TCATTGTATCC
FIRE-ST_chr18:61108596-61108855_T_A_213__TCACTATCGGT	TCACTATCGGT
FIRE-ST_chr18:61108596-61108855_T_G_213__CGCACACCAGT	CGCACACCAGT
FIRE-ST_chr18:61108596-61108855_T_C_213__GTGTGAACTCC	GTGTGAACTCC
FIRE-ST_chr18:61108596-61108855_C_A_214__GACAGGACTTC	GACAGGACTTC
FIRE-ST_chr18:61108596-61108855_C_T_214__CATAAGCTCAC	CATAAGCTCAC
FIRE-ST_chr18:61108596-61108855_C_G_214__CAGACGAGATA	CAGACGAGATA
FIRE-ST_chr18:61108596-61108855_C_A_215__TCTGCCATAGT	TCTGCCATAGT
FIRE-ST_chr18:61108596-61108855_C_T_215__CGTAAGGAGGA	CGTAAGGAGGA
FIRE-ST_chr18:61108596-61108855_C_G_215__TGATGAAGCAA	TGATGAAGCAA
FIRE-ST_chr18:61108596-61108855_C_A_216__GCTATCTTCTT	GCTATCTTCTT
FIRE-ST_chr18:61108596-61108855_C_T_216__GCTCTATGTGT	GCTCTATGTGT
FIRE-ST_chr18:61108596-61108855_C_G_216__CTCTATTCCGG	CTCTATTCCGG
FIRE-ST_chr18:61108596-61108855_T_A_217__GACTTGCGTGG	GACTTGCGTGG
FIRE-ST_chr18:61108596-61108855_T_G_217__ACGCTGGAGGT	ACGCTGGAGGT
FIRE-ST_chr18:61108596-61108855_T_C_217__TGCTCCTAGAA	TGCTCCTAGAA
FIRE-ST_chr18:61108596-61108855_A_T_218__CGACGTTCTTA	CGACGTTCTTA
FIRE-ST_chr18:61108596-61108855_A_G_218__TCTGTAACCGG	TCTGTAACCGG
FIRE-ST_chr18:61108596-61108855_A_C_218__CACACCGTCTT	CACACCGTCTT
FIRE-ST_chr18:61108596-61108855_A_T_219__GACACACGTAG	GACACACGTAG
FIRE-ST_chr18:61108596-61108855_A_G_219__ATGCGTAGTTA	ATGCGTAGTTA
FIRE-ST_chr18:61108596-61108855_A_C_219__GACGGTGAACG	GACGGTGAACG
FIRE-ST_chr18:61108596-61108855_G_A_220__GTGGACTTGCG	GTGGACTTGCG
FIRE-ST_chr18:61108596-61108855_G_T_220__TTATCCACAGT	TTATCCACAGT
FIRE-ST_chr18:61108596-61108855_G_C_220__TACATACAACC	TACATACAACC
FIRE-ST_chr18:61108596-61108855_A_T_221__ACTGAGCGATA	ACTGAGCGATA
FIRE-ST_chr18:61108596-61108855_A_G_221__CTGTCACCTTC	CTGTCACCTTC
FIRE-ST_chr18:61108596-61108855_A_C_221__ACGTCACTGTT	ACGTCACTGTT
FIRE-ST_chr18:61108596-61108855_C_A_222__TAAGAGCATGG	TAAGAGCATGG
FIRE-ST_chr18:61108596-61108855_C_T_222__GTTAAGCGTAT	GTTAAGCGTAT
FIRE-ST_chr18:61108596-61108855_C_G_222__GTCTGAGTCGG	GTCTGAGTCGG
FIRE-ST_chr18:61108596-61108855_C_A_223__GCTCATTAGTA	GCTCATTAGTA
FIRE-ST_chr18:61108596-61108855_C_T_223__GATTCTAAGGT	GATTCTAAGGT
FIRE-ST_chr18:61108596-61108855_C_G_223__TCTCCAATATC	TCTCCAATATC
FIRE-ST_chr18:61108596-61108855_T_A_224__CCAACAACCGC	CCAACAACCGC
FIRE-ST_chr18:61108596-61108855_T_G_224__CCTAGTACCGG	CCTAGTACCGG
FIRE-ST_chr18:61108596-61108855_T_C_224__AGGTGAGGATC	AGGTGAGGATC
FIRE-ST_chr18:61108596-61108855_G_A_225__GCTCCTCATGC	GCTCCTCATGC
FIRE-ST_chr18:61108596-61108855_G_T_225__ACGCACGGAGT	ACGCACGGAGT
FIRE-ST_chr18:61108596-61108855_G_C_225__TAGCGTACAGC	TAGCGTACAGC
FIRE-ST_chr18:61108596-61108855_A_T_226__CCGAGTGGTAG	CCGAGTGGTAG
FIRE-ST_chr18:61108596-61108855_A_G_226__TCGCTGATTGT	TCGCTGATTGT
FIRE-ST_chr18:61108596-61108855_A_C_226__TCATGTCTTAG	TCATGTCTTAG
FIRE-ST_chr18:61108596-61108855_C_A_227__CTACATTGAAG	CTACATTGAAG
FIRE-ST_chr18:61108596-61108855_C_T_227__GGTCAGGAGCT	GGTCAGGAGCT
FIRE-ST_chr18:61108596-61108855_C_G_227__CTCTGCCACGT	CTCTGCCACGT
FIRE-ST_chr18:61108596-61108855_A_T_228__CTCCTTCGACC	CTCCTTCGACC
FIRE-ST_chr18:61108596-61108855_A_G_228__TAACACTGCTC	TAACACTGCTC
FIRE-ST_chr18:61108596-61108855_A_C_228__AAGCCTCTATC	AAGCCTCTATC
FIRE-ST_chr18:61108596-61108855_G_A_229__GAGCTAACCTA	GAGCTAACCTA
FIRE-ST_chr18:61108596-61108855_G_T_229__TATAATCGAGG	TATAATCGAGG
FIRE-ST_chr18:61108596-61108855_G_C_229__CACAATATGCA	CACAATATGCA
FIRE-ST_chr18:61108596-61108855_G_A_230__TATCGTGACAA	TATCGTGACAA
FIRE-ST_chr18:61108596-61108855_G_T_230__TCGGACAATGA	TCGGACAATGA
FIRE-ST_chr18:61108596-61108855_G_C_230__TCAACGCCGCT	TCAACGCCGCT
FIRE-ST_chr18:61108596-61108855_G_A_231__AAGTAGACCTG	AAGTAGACCTG
FIRE-ST_chr18:61108596-61108855_G_T_231__CGAGGTAAGAA	CGAGGTAAGAA
FIRE-ST_chr18:61108596-61108855_G_C_231__GAACTGGTGGA	GAACTGGTGGA
FIRE-ST_chr18:61108596-61108855_G_A_232__TGTTCATCTAC	TGTTCATCTAC
FIRE-ST_chr18:61108596-61108855_G_T_232__ACCACACGAGC	ACCACACGAGC
FIRE-ST_chr18:61108596-61108855_G_C_232__GGTCACAGTCG	GGTCACAGTCG
FIRE-ST_chr18:61108596-61108855_G_A_233__CCAACTGCTGC	CCAACTGCTGC
FIRE-ST_chr18:61108596-61108855_G_T_233__TTCAGATCGAG	TTCAGATCGAG
FIRE-ST_chr18:61108596-61108855_G_C_233__GTAGGAATGCC	GTAGGAATGCC
FIRE-ST_chr18:61108596-61108855_T_A_234__ATTAGGTCCGC	ATTAGGTCCGC
FIRE-ST_chr18:61108596-61108855_T_G_234__CACACGGTAGG	CACACGGTAGG
FIRE-ST_chr18:61108596-61108855_T_C_234__TCATCTATTGC	TCATCTATTGC
FIRE-ST_chr18:61108596-61108855_T_A_235__GTTAGACGCGG	GTTAGACGCGG
FIRE-ST_chr18:61108596-61108855_T_G_235__AGTGCGTATCC	AGTGCGTATCC
FIRE-ST_chr18:61108596-61108855_T_C_235__GAACCTAAGTA	GAACCTAAGTA
FIRE-ST_chr18:61108596-61108855_T_A_236__ACAGAAGCAAC	ACAGAAGCAAC
FIRE-ST_chr18:61108596-61108855_T_G_236__CAAGAGATCAT	CAAGAGATCAT
FIRE-ST_chr18:61108596-61108855_T_C_236__GGTGGTGAATT	GGTGGTGAATT
FIRE-ST_chr18:61108596-61108855_G_A_237__CATCCGAGACA	CATCCGAGACA
FIRE-ST_chr18:61108596-61108855_G_T_237__TACTGACGCAA	TACTGACGCAA
FIRE-ST_chr18:61108596-61108855_G_C_237__GATACAACTCT	GATACAACTCT
FIRE-ST_chr18:61108596-61108855_A_T_238__GTGCGACCTCT	GTGCGACCTCT
FIRE-ST_chr18:61108596-61108855_A_G_238__ATACGTTAAGG	ATACGTTAAGG
FIRE-ST_chr18:61108596-61108855_A_C_238__CGCATTAGTTG	CGCATTAGTTG
FIRE-ST_chr18:61108596-61108855_G_A_239__TCGCGTGCTAC	TCGCGTGCTAC
FIRE-ST_chr18:61108596-61108855_G_T_239__AATGCGAGCGG	AATGCGAGCGG
FIRE-ST_chr18:61108596-61108855_G_C_239__GCGCGTACTCT	GCGCGTACTCT
FIRE-ST_chr18:61108596-61108855_T_A_240__AGACCTTCCAA	AGACCTTCCAA
FIRE-ST_chr18:61108596-61108855_T_G_240__TACAGTTGGAA	TACAGTTGGAA
FIRE-ST_chr18:61108596-61108855_T_C_240__ATCACTGTCAA	ATCACTGTCAA
FIRE-ST_chr18:61108596-61108855_T_A_241__CAACCAGATTA	CAACCAGATTA
FIRE-ST_chr18:61108596-61108855_T_G_241__AAGACTGTGCC	AAGACTGTGCC
FIRE-ST_chr18:61108596-61108855_T_C_241__AGATCCATAAG	AGATCCATAAG
FIRE-ST_chr18:61108596-61108855_C_A_242__GTACCATGTCA	GTACCATGTCA
FIRE-ST_chr18:61108596-61108855_C_T_242__AGACACAAGAC	AGACACAAGAC
FIRE-ST_chr18:61108596-61108855_C_G_242__ACCTGAGATCC	ACCTGAGATCC
FIRE-ST_chr18:61108596-61108855_T_A_243__AAGCTAACACC	AAGCTAACACC
FIRE-ST_chr18:61108596-61108855_T_G_243__AGTCCGCATAG	AGTCCGCATAG
FIRE-ST_chr18:61108596-61108855_T_C_243__AGACGAGTTGA	AGACGAGTTGA
FIRE-ST_chr18:61108596-61108855_C_A_244__GACTCATGGTA	GACTCATGGTA
FIRE-ST_chr18:61108596-61108855_C_T_244__GTACCTGAGTT	GTACCTGAGTT
FIRE-ST_chr18:61108596-61108855_C_G_244__CAACCTTAGAC	CAACCTTAGAC
FIRE-ST_chr18:61108596-61108855_C_A_245__TCAGCATTCGG	TCAGCATTCGG
FIRE-ST_chr18:61108596-61108855_C_T_245__GCAAGATCACA	GCAAGATCACA
FIRE-ST_chr18:61108596-61108855_C_G_245__ATTAGGAACCA	ATTAGGAACCA
FIRE-ST_chr18:61108596-61108855_T_A_246__TCACTCGCATT	TCACTCGCATT
FIRE-ST_chr18:61108596-61108855_T_G_246__AACAAGACCAA	AACAAGACCAA
FIRE-ST_chr18:61108596-61108855_T_C_246__CGTGTATGAGA	CGTGTATGAGA
FIRE-ST_chr18:61108596-61108855_T_A_247__GTGATTACGAA	GTGATTACGAA
FIRE-ST_chr18:61108596-61108855_T_G_247__CAGAATTGATG	CAGAATTGATG
FIRE-ST_chr18:61108596-61108855_T_C_247__GCGACCAGTTC	GCGACCAGTTC
FIRE-ST_chr18:61108596-61108855_T_A_248__CGTTAGGACAC	CGTTAGGACAC
FIRE-ST_chr18:61108596-61108855_T_G_248__TAGCCAGCCAC	TAGCCAGCCAC
FIRE-ST_chr18:61108596-61108855_T_C_248__CGGAATCTCAA	CGGAATCTCAA
FIRE-ST_chr18:61108596-61108855_C_A_249__ACCTGACAATA	ACCTGACAATA
FIRE-ST_chr18:61108596-61108855_C_T_249__GTCAGCGGAAC	GTCAGCGGAAC
FIRE-ST_chr18:61108596-61108855_C_G_249__AGCAGTATAGC	AGCAGTATAGC
FIRE-ST_chr18:61108596-61108855_G_A_250__GATGCACGTTG	GATGCACGTTG
FIRE-ST_chr18:61108596-61108855_G_T_250__CAGACCGCTAG	CAGACCGCTAG
FIRE-ST_chr18:61108596-61108855_G_C_250__GAGAGCTTCCT	GAGAGCTTCCT
FIRE-ST_chr18:61108596-61108855_C_A_251__CCGCTCCTCTT	CCGCTCCTCTT
FIRE-ST_chr18:61108596-61108855_C_T_251__GTATCCTCACC	GTATCCTCACC
FIRE-ST_chr18:61108596-61108855_C_G_251__AAGCGCGTACC	AAGCGCGTACC
FIRE-ST_chr18:61108596-61108855_C_A_252__GAAGAGCCACC	GAAGAGCCACC
FIRE-ST_chr18:61108596-61108855_C_T_252__TCACTTCCTTG	TCACTTCCTTG
FIRE-ST_chr18:61108596-61108855_C_G_252__CGCTACTCGTC	CGCTACTCGTC
FIRE-ST_chr18:61108596-61108855_T_A_253__CCACACCAACA	CCACACCAACA
FIRE-ST_chr18:61108596-61108855_T_G_253__CTGAAGTACGC	CTGAAGTACGC
FIRE-ST_chr18:61108596-61108855_T_C_253__TAATCCTAGAC	TAATCCTAGAC
FIRE-ST_chr18:61108596-61108855_T_A_254__GGTTAGCTTAC	GGTTAGCTTAC
FIRE-ST_chr18:61108596-61108855_T_G_254__GCCGGTAATTC	GCCGGTAATTC
FIRE-ST_chr18:61108596-61108855_T_C_254__CGACTGGACTC	CGACTGGACTC
FIRE-ST_chr18:61108596-61108855_C_A_255__CCTCTCTCGAT	CCTCTCTCGAT
FIRE-ST_chr18:61108596-61108855_C_T_255__TGTACTCTCCG	TGTACTCTCCG
FIRE-ST_chr18:61108596-61108855_C_G_255__CTTCGGTACGG	CTTCGGTACGG
FIRE-ST_chr18:61108596-61108855_A_T_256__ATGGTTGGTTA	ATGGTTGGTTA
FIRE-ST_chr18:61108596-61108855_A_G_256__GCCTCGGTTAA	GCCTCGGTTAA
FIRE-ST_chr18:61108596-61108855_A_C_256__GCCGTGTAGTC	GCCGTGTAGTC
FIRE-ST_chr18:61108596-61108855_A_T_257__GCTCGGTATGA	GCTCGGTATGA
FIRE-ST_chr18:61108596-61108855_A_G_257__CGCGTCTGATT	CGCGTCTGATT
FIRE-ST_chr18:61108596-61108855_A_C_257__TTACCGGACAA	TTACCGGACAA
FIRE-ST_chr18:61108596-61108855_G_A_258__GTAGACCACAA	GTAGACCACAA
FIRE-ST_chr18:61108596-61108855_G_T_258__TAAGCGCACTC	TAAGCGCACTC
FIRE-ST_chr18:61108596-61108855_G_C_258__GAATATCTCGC	GAATATCTCGC
FIRE-ST_chr18:61108596-61108855_C_A_259__ACAACACCGTA	ACAACACCGTA
FIRE-ST_chr18:61108596-61108855_C_T_259__GACAACCATAC	GACAACCATAC
FIRE-ST_chr18:61108596-61108855_C_G_259__CGTGGACCGTA	CGTGGACCGTA
PS_FIRE_chr18:61108596-61108855_mm10__GTTACGACGAA	GTTACGACGAA
PS_FIRE_chr5:150081819-150082078_hg38__AGGTGGAAGCG	AGGTGGAAGCG
Shuffle_hg38__chr3:46089333-46089833__mm10__chr9:123927461-123927961__ACGTGCTGATG	ACGTGCTGATG
Shuffle_hg38__chr10:92757006-92757506__mm10__chr19:37495177-37495677__TACGGTTATGG	TACGGTTATGG
Shuffle_hg38__chr11:65640535-65641035__mm10__chr19:5660892-5661392__AGCATGTCTAC	AGCATGTCTAC
Shuffle_hg38__chr5:150065306-150065806__mm10__chr18:61119838-61120338__GGTTCTTGTCC	GGTTCTTGTCC
Shuffle_hg38__chr10:71775274-71775774__mm10__chr10:60344085-60344585__GCCAGCAACCA	GCCAGCAACCA
Shuffle_hg38__chr10:96719691-96720191__mm10__chr19:41384308-41384808__CCATACTAATC	CCATACTAATC
Shuffle_hg38__chr12:6953596-6954096__mm10__chr6:124729773-124730273__TGCACAGTAGT	TGCACAGTAGT
Shuffle_hg38__chr1:205288041-205288541__mm10__chr1:132341672-132342172__GAGTATAATGG	GAGTATAATGG
Shuffle_hg38__chr8:37630056-37630556__mm10__chr8:26907444-26907944__TCTCCAACGCA	TCTCCAACGCA
Shuffle_hg38__chr1:198776593-198777093__mm10__chr1:138039125-138039625__TCCTTAGCAAT	TCCTTAGCAAT
Shuffle_hg38__chr3:121995102-121995602__mm10__chr16:36720217-36720717__AATCGGTGCAG	AATCGGTGCAG
Shuffle_hg38__chr12:51326588-51327088__mm10__chr15:100673771-100674271__AGCCAAGTCGA	AGCCAAGTCGA
Shuffle_hg38__chr2:205700197-205700697__mm10__chr1:62721287-62721787__CGCATCGCTAA	CGCATCGCTAA
Shuffle_hg38__chr9:124218649-124219149__mm10__chr2:38482771-38483271__GATCCAATGTC	GATCCAATGTC
Shuffle_hg38__chr12:108633650-108634150__mm10__chr5:113830238-113830738__AGAAGTCCATT	AGAAGTCCATT
Shuffle_hg38__chr12:49264755-49265255__mm10__chr15:99030049-99030549__TTCTGTCTTCA	TTCTGTCTTCA
Shuffle_hg38__chr1:234955003-234955503__mm10__chr8:126824569-126825069__AGGATAGACTT	AGGATAGACTT
Shuffle_hg38__chr15:40307685-40308185__mm10__chr2:118728189-118728689__AAGCGGTCTGC	AAGCGGTCTGC
Shuffle_hg38__chr3:39280007-39280507__mm10__chr9:120068063-120068563__TTAACTTCTGG	TTAACTTCTGG
Shuffle_hg38__chr3:52244355-52244855__mm10__chr9:106199834-106200334__CCAGAACAAGG	CCAGAACAAGG
Shuffle_hg38__chr1:30757589-30758089__mm10__chr4:130912993-130913493__GCGTTAATAGC	GCGTTAATAGC
Shuffle_hg38__chr17:76491804-76492304__mm10__chr11:116615624-116616124__GGACGGAAGTT	GGACGGAAGTT
Shuffle_hg38__chr8:142756980-142757480__mm10__chr7:110920674-110921174__AGGATTACGCT	AGGATTACGCT
Shuffle_hg38__chr11:122756365-122756865__mm10__chr9:41070876-41071376__AAGGAGCGTGG	AAGGAGCGTGG
Shuffle_hg38__chr11:69298392-69298892__mm10__chr7:145110587-145111087__GTTACACTTAC	GTTACACTTAC
Shuffle_hg38__chr2:233059955-233060455__mm10__chr1:87620077-87620577__AAGTGGAATGG	AAGTGGAATGG
Shuffle_hg38__chr8:104329827-104330327__mm10__chr15:39737511-39738011__GCGAGTCCTAG	GCGAGTCCTAG
Shuffle_hg38__chr20:50274836-50275336__mm10__chr2:167753813-167754313__TGGAAGCACAC	TGGAAGCACAC
Shuffle_hg38__chr12:109828115-109828615__mm10__chr5:114653943-114654443__AACACTCGGTC	AACACTCGGTC
Shuffle_hg38__chr2:197152326-197152826__mm10__chr1:54798369-54798869__CCTGCTATGCG	CCTGCTATGCG
Shuffle_hg38__chr8:22715483-22715983__mm10__chr14:70056886-70057386__CTAGCCTGGTA	CTAGCCTGGTA
Shuffle_hg38__chr14:68786472-68786972__mm10__chr12:80106269-80106769__ATTCATCGCAA	ATTCATCGCAA
Shuffle_hg38__chr14:68786472-68786972__mm10__chr12:80107040-80107540__TAGCGTTCCAA	TAGCGTTCCAA
Shuffle_hg38__chr20:59007758-59008258__mm10__chr2:174439400-174439900__CTAACCGTATC	CTAACCGTATC
Shuffle_hg38__chr20:59007758-59008258__mm10__chr2:174439947-174440447__GGAGCTATATT	GGAGCTATATT
Shuffle_hg38__chr18:59899674-59900174__mm10__chr18:66458287-66458787__AAGCAATCATG	AAGCAATCATG
Shuffle_hg38__chr14:23988513-23989013__mm10__chr14:55478613-55479113__GAAGGAACAGG	GAAGGAACAGG
Shuffle_hg38__chr16:88650804-88651304__mm10__chr8:122432340-122432840__GCTTCATCGGA	GCTTCATCGGA
Shuffle_hg38__chr2:231545455-231545955__mm10__chr1:86406897-86407397__AGATCCGACAG	AGATCCGACAG
Shuffle_hg38__chr22:39300254-39300754__mm10__chr15:80071927-80072427__TAGTGTAACGG	TAGTGTAACGG
Shuffle_hg38__chr1:32992330-32992830__mm10__chr4:129033173-129033673__CTATGAATTGG	CTATGAATTGG
Shuffle_hg38__chr1:32992330-32992830__mm10__chr4:129032621-129033121__GCGACGATATA	GCGACGATATA
Shuffle_hg38__chr4:2811962-2812462__mm10__chr5:34543067-34543567__GGTGAAGTCTC	GGTGAAGTCTC
Shuffle_hg38__chr11:75181489-75181989__mm10__chr7:99674842-99675342__ATGGTTGCACA	ATGGTTGCACA
Shuffle_hg38__chr22:30263279-30263779__mm10__chr11:4240103-4240603__CATGTAACTCA	CATGTAACTCA
Shuffle_hg38__chr6:30752301-30752801__mm10__chr17:35813101-35813601__AACGGTGATGT	AACGGTGATGT
Shuffle_hg38__chr5:180803629-180804129__mm10__chr11:49249210-49249710__CCTAATGGTAT	CCTAATGGTAT
Shuffle_hg38__chr9:122370920-122371420__mm10__chr2:36230227-36230727__GTACAATGCTA	GTACAATGCTA
Shuffle_hg38__chr9:122370920-122371420__mm10__chr2:36230894-36231394__TGCATGACAAT	TGCATGACAAT
Shuffle_hg38__chr20:4814275-4814775__mm10__chr2:132022570-132023070__CACAGCCGGTT	CACAGCCGGTT
Shuffle_hg38__chr12:121038869-121039369__mm10__chr5:114922880-114923380__CGCCTGTCGTA	CGCCTGTCGTA
Shuffle_hg38__chr5:160467780-160468280__mm10__chr11:43385183-43385683__TAAGCTGAGGT	TAAGCTGAGGT
Shuffle_hg38__chr6:31614998-31615498__mm10__chr17:35172406-35172906__TCCATCGCACG	TCCATCGCACG
Shuffle_hg38__chr19:46788322-46788822__mm10__chr7:16781033-16781533__AATGGAACACG	AATGGAACACG
Shuffle_hg38__chr8:127759835-127760335__mm10__chr15:62002743-62003243__CCGACAAGCAA	CCGACAAGCAA
Shuffle_hg38__chr6:32439562-32440062__mm10__chr17:34092478-34092978__CCGCGTTCTAA	CCGCGTTCTAA
Shuffle_hg38__chr8:18209789-18210289__mm10__chr8:67494580-67495080__CGTAGTGAGTT	CGTAGTGAGTT
Shuffle_hg38__chr11:57788311-57788811__mm10__chr2:84626347-84626847__CATAGGTAGCC	CATAGGTAGCC
Shuffle_hg38__chr1:30761528-30762028__mm10__chr4:130908983-130909483__TATAACAACGC	TATAACAACGC
Shuffle_hg38__chr17:1197801-1198301__mm10__chr11:76587904-76588404__GAGACGATACG	GAGACGATACG
Shuffle_hg38__chr12:108333012-108333512__mm10__chr5:113644415-113644915__TGCCACAGTCC	TGCCACAGTCC
Shuffle_hg38__chr6:6826591-6827091__mm10__chr13:37562619-37563119__GCCGCTATACG	GCCGCTATACG
Shuffle_hg38__chr21:35048122-35048622__mm10__chr16:92824807-92825307__ACGAGCTGACA	ACGAGCTGACA
Shuffle_hg38__chr9:124216628-124217128__mm10__chr2:38481078-38481578__CTGGTAGCGGT	CTGGTAGCGGT
Shuffle_hg38__chr8:141086219-141086719__mm10__chr15:73487085-73487585__TCACCAGCAAC	TCACCAGCAAC
Shuffle_hg38__chr1:30756528-30757028__mm10__chr4:130913948-130914448__TGAGATGTAGG	TGAGATGTAGG
Shuffle_hg38__chr12:108597855-108598355__mm10__chr5:113800211-113800711__ACCGTGATAAG	ACCGTGATAAG
Shuffle_hg38__chr9:136373434-136373934__mm10__chr2:26360723-26361223__AGCATAGGAAC	AGCATAGGAAC
Shuffle_hg38__chr7:100167025-100167525__mm10__chr5:138271311-138271811__ACGCTAAGTCA	ACGCTAAGTCA
Shuffle_hg38__chr3:50242886-50243386__mm10__chr9:107629029-107629529__GCTTCTAGTAA	GCTTCTAGTAA
Shuffle_hg38__chr11:64206412-64206912__mm10__chr19:7019196-7019696__TGGAATACTAG	TGGAATACTAG
Shuffle_hg38__chr8:141119545-141120045__mm10__chr15:73505657-73506157__ACAATACGGTC	ACAATACGGTC
Shuffle_hg38__chr8:22579898-22580398__mm10__chr14:70175181-70175681__GTGCATACTCC	GTGCATACTCC
Shuffle_hg38__chr9:124202393-124202893__mm10__chr2:38471613-38472113__TTGATGGTTGC	TTGATGGTTGC
Shuffle_hg38__chr9:137277428-137277928__mm10__chr2:25196570-25197070__TCAATAGTAGG	TCAATAGTAGG
Shuffle_hg38__chr10:71748714-71749214__mm10__chr10:60370664-60371164__CCGCTACGAGT	CCGCTACGAGT
Shuffle_hg38__chr12:31324145-31324645__mm10__chr6:148944635-148945135__AATCAGAGTTG	AATCAGAGTTG
Shuffle_hg38__chr17:74466344-74466844__mm10__chr11:114890029-114890529__GCATGTGACCG	GCATGTGACCG
Shuffle_hg38__chr19:35902224-35902724__mm10__chr7:30419360-30419860__CCAACAATATC	CCAACAATATC
Shuffle_hg38__chr9:113580576-113581076__mm10__chr4:62686684-62687184__ATGACTCTTCT	ATGACTCTTCT
Shuffle_hg38__chr10:16436724-16437224__mm10__chr2:12923735-12924235__ACCTCACTCCA	ACCTCACTCCA
Shuffle_hg38__chr19:17405265-17405765__mm10__chr8:71537226-71537726__GCTAGAACATT	GCTAGAACATT
Shuffle_hg38__chr11:1864006-1864506__mm10__chr7:142470862-142471362__ATCCGCCACCT	ATCCGCCACCT
Shuffle_hg38__chr7:2529108-2529608__mm10__chr5:140616539-140617039__ACAGGTATCCG	ACAGGTATCCG
Shuffle_hg38__chr22:39306791-39307291__mm10__chr15:80074673-80075173__GGTAGCGTAGC	GGTAGCGTAGC
Shuffle_hg38__chr9:136365671-136366171__mm10__chr2:26353513-26354013__GTGCCAACTAG	GTGCCAACTAG
Shuffle_hg38__chr11:73384978-73385478__mm10__chr7:100855742-100856242__GGTCCTCAACG	GGTCCTCAACG
Shuffle_hg38__chr11:73157422-73157922__mm10__chr7:101088656-101089156__AGTACCTCAGC	AGTACCTCAGC
Shuffle_hg38__chr1:152036591-152037091__mm10__chr3:93520219-93520719__GTTCATAGACA	GTTCATAGACA
Shuffle_hg38__chr16:88781058-88781558__mm10__chr8:122547697-122548197__TTGAATCTACC	TTGAATCTACC
Shuffle_hg38__chr19:48325087-48325587__mm10__chr7:45921230-45921730__AACGAAGATGC	AACGAAGATGC
Shuffle_hg38__chr20:51532479-51532979__mm10__chr2:168579026-168579526__TCTGAGCTACC	TCTGAGCTACC
Shuffle_hg38__chr2:43105964-43106464__mm10__chr17:84100535-84101035__AAGCCGGACAC	AAGCCGGACAC
Shuffle_hg38__chr15:33068032-33068532__mm10__chr2:113441125-113441625__TTACTCTTGAC	TTACTCTTGAC
Shuffle_hg38__chr15:33068032-33068532__mm10__chr2:113440586-113441086__AATAATAGCGG	AATAATAGCGG
Shuffle_hg38__chr12:108339249-108339749__mm10__chr5:113650267-113650767__CTAACCACAGG	CTAACCACAGG
Shuffle_hg38__chr2:43107114-43107614__mm10__chr17:84101629-84102129__GCGGATTCGTC	GCGGATTCGTC
Shuffle_hg38__chr4:2794458-2794958__mm10__chr5:34526818-34527318__GATTGATGCAG	GATTGATGCAG
Shuffle_hg38__chr1:12143457-12143957__mm10__chr4:145268222-145268722__TTCGCGCATCC	TTCGCGCATCC
Shuffle_hg38__chr1:12143457-12143957__mm10__chr4:145267690-145268190__CCAAGACGCTC	CCAAGACGCTC
Shuffle_hg38__chr7:100583748-100584248__mm10__chr5:137631051-137631551__GACTCGTAATT	GACTCGTAATT
Shuffle_hg38__chr17:1730116-1730616__mm10__chr11:75449616-75450116__CACACATGAGA	CACACATGAGA
Shuffle_hg38__chr3:171771162-171771662__mm10__chr3:27983867-27984367__CGAACGCCGAA	CGAACGCCGAA
Shuffle_hg38__chr14:90062293-90062793__mm10__chr12:99966269-99966769__ATGATGTGAGG	ATGATGTGAGG
Shuffle_hg38__chr20:53623853-53624353__mm10__chr2:170158980-170159480__TAGCTCATTGC	TAGCTCATTGC
Shuffle_hg38__chr6:30682404-30682904__mm10__chr17:35870199-35870699__ACACGCCACTC	ACACGCCACTC
Shuffle_hg38__chr9:33158604-33159104__mm10__chr4:40844149-40844649__TAAGTACGGTT	TAAGTACGGTT
Shuffle_hg38__chr9:33158604-33159104__mm10__chr4:40844967-40845467__CCAGGTCAGAT	CCAGGTCAGAT
Shuffle_hg38__chr9:127778537-127779037__mm10__chr2:32720623-32721123__ACGAAGAGAGA	ACGAAGAGAGA
Shuffle_hg38__chr11:69539731-69540231__mm10__chr7:144981625-144982125__TACAGACTCGT	TACAGACTCGT
Shuffle_hg38__chr10:119542501-119543001__mm10__chr7:128417977-128418477__GTGCGCGATAC	GTGCGCGATAC
Shuffle_hg38__chr15:99452786-99453286__mm10__chr7:67461824-67462324__TGAGGAGTAAC	TGAGGAGTAAC
Shuffle_hg38__chr1:109790665-109791165__mm10__chr3:107852747-107853247__GGAGGTCGTAG	GGAGGTCGTAG
Shuffle_hg38__chr10:13712947-13713447__mm10__chr2:4555220-4555720__TAGTTCGACAC	TAGTTCGACAC
Shuffle_hg38__chr10:13712947-13713447__mm10__chr2:4554654-4555154__TAACTGGTCAT	TAACTGGTCAT
Shuffle_hg38__chr6:28218531-28219031__mm10__chr15:81858035-81858535__ACTATGTCACT	ACTATGTCACT
Shuffle_hg38__chr2:8525520-8526020__mm10__chr12:25208807-25209307__TAGTCTCCACC	TAGTCTCCACC
Shuffle_hg38__chr14:92704246-92704746__mm10__chr12:102394350-102394850__TGTGCAATTCC	TGTGCAATTCC
Shuffle_hg38__chr11:123430850-123431350__mm10__chr9:40455572-40456072__ACGCAATACCA	ACGCAATACCA
Shuffle_hg38__chr14:92702471-92702971__mm10__chr2:145736530-145737030__ACTACGACGCA	ACTACGACGCA
Shuffle_hg38__chr14:64708512-64709012__mm10__chr12:76537363-76537863__CTTACCTCTAT	CTTACCTCTAT
Shuffle_hg38__chr17:29138927-29139427__mm10__chr11:77802530-77803030__AGCGGACCACA	AGCGGACCACA
Shuffle_hg38__chr12:54384529-54385029__mm10__chr15:103333137-103333637__CATGAATAGAC	CATGAATAGAC
Shuffle_hg38__chr17:76501283-76501783__mm10__chr11:116624041-116624541__ACCTATTAACC	ACCTATTAACC
Shuffle_hg38__chr12:14961268-14961768__mm10__chr6:136941265-136941765__CAGTCTCTTGA	CAGTCTCTTGA
Shuffle_hg38__chr6:35297550-35298050__mm10__chr17:28207514-28208014__ACGAACAGTCC	ACGAACAGTCC
Shuffle_hg38__chr6:7107036-7107536__mm10__chr13:37825767-37826267__TTAGAAGCGAC	TTAGAAGCGAC
Shuffle_hg38__chr10:92689546-92690046__mm10__chr19:37434505-37435005__GATACATTAGG	GATACATTAGG
Shuffle_hg38__chr22:39013946-39014446__mm10__chr15:79892105-79892605__CAGACTCAGCG	CAGACTCAGCG
Shuffle_hg38__chr11:68003415-68003915__mm10__chr19:3935760-3936260__CCGTGTGGTTC	CCGTGTGGTTC
Shuffle_hg38__chr1:37999471-37999971__mm10__chr4:124705161-124705661__CGATAAGTGAA	CGATAAGTGAA
Shuffle_hg38__chr1:37999471-37999971__mm10__chr4:124704624-124705124__CTCCGTGTTCA	CTCCGTGTTCA
Shuffle_hg38__chr17:58335849-58336349__mm10__chr11:87751424-87751924__CGCTGAATGGA	CGCTGAATGGA
Shuffle_hg38__chr6:33075625-33076125__mm10__chr17:34079543-34080043__CGTTCTTCTTA	CGTTCTTCTTA
Shuffle_hg38__chr9:93119869-93120369__mm10__chr13:49196749-49197249__CCAACCGATAA	CCAACCGATAA
Shuffle_hg38__chr6:26272103-26272603__mm10__chr13:23533584-23534084__ACCGAGTCACC	ACCGAGTCACC
Shuffle_hg38__chr3:30606303-30606803__mm10__chr9:116175038-116175538__AACAACGAGAA	AACAACGAGAA
Shuffle_hg38__chr6:7050922-7051422__mm10__chr13:37777265-37777765__CCTTGTGATCG	CCTTGTGATCG
Shuffle_hg38__chr9:117704132-117704632__mm10__chr4:66827385-66827885__CTGAATTATCC	CTGAATTATCC
Shuffle_hg38__chr8:26572018-26572518__mm10__chr14:66872500-66873000__GTGCCTGCTTA	GTGCCTGCTTA
Shuffle_hg38__chr9:93130993-93131493__mm10__chr13:49189946-49190446__TCCTGCTTGAA	TCCTGCTTGAA
Shuffle_hg38__chr14:93955191-93955691__mm10__chr12:103336610-103337110__ATGGACTGGTA	ATGGACTGGTA
Shuffle_hg38__chr14:68785914-68786414__mm10__chr12:80106269-80106769__GCGAGTTGCCA	GCGAGTTGCCA
Shuffle_hg38__chr2:218367665-218368165__mm10__chr1:74368154-74368654__CCTAGTAATTG	CCTAGTAATTG
Shuffle_hg38__chr21:35046936-35047436__mm10__chr16:92823539-92824039__TGACTGAACGG	TGACTGAACGG
Shuffle_hg38__chr17:27632737-27633237__mm10__chr11:78982613-78983113__GTCAATCGTAA	GTCAATCGTAA
Shuffle_hg38__chr7:2529695-2530195__mm10__chr5:140616539-140617039__CTGTGCTCCAA	CTGTGCTCCAA
Shuffle_hg38__chr3:52498635-52499135__mm10__chr14:31166187-31166687__CGACAGAAGTG	CGACAGAAGTG
Shuffle_hg38__chr19:13104325-13104825__mm10__chr8:84699854-84700354__TGTTCGAGCCG	TGTTCGAGCCG
Shuffle_hg38__chr1:27488681-27489181__mm10__chr4:133130972-133131472__CAATAGTGATG	CAATAGTGATG
Shuffle_hg38__chr2:42102599-42103099__mm10__chr17:83277626-83278126__CTGGAGTGAGG	CTGGAGTGAGG
Shuffle_hg38__chr1:27869184-27869684__mm10__chr4:132797956-132798456__AGCTGAGTCTT	AGCTGAGTCTT
Shuffle_hg38__chr4:8201304-8201804__mm10__chr5:35727413-35727913__ACTTAACAACC	ACTTAACAACC
Shuffle_hg38__chr16:31202672-31203172__mm10__chr7:127993508-127994008__TCGAGAGAGGA	TCGAGAGAGGA
Shuffle_hg38__chr15:64883869-64884369__mm10__chr9:65541581-65542081__CACCTAGCATG	CACCTAGCATG
Shuffle_hg38__chr17:44557135-44557635__mm10__chr11:102604009-102604509__TTCTTGAGTGA	TTCTTGAGTGA
Shuffle_hg38__chr2:108637295-108637795__mm10__chr10:58383249-58383749__ACGATCCAGCG	ACGATCCAGCG
Shuffle_hg38__chr19:3428497-3428997__mm10__chr10:81408784-81409284__GAAGACTGAGA	GAAGACTGAGA
Shuffle_hg38__chr19:12786170-12786670__mm10__chr8:84982067-84982567__ATCGTCCATAA	ATCGTCCATAA
Shuffle_hg38__chr2:43218455-43218955__mm10__chr17:84180714-84181214__AGGTGAATAGT	AGGTGAATAGT
Shuffle_hg38__chr6:41723398-41723898__mm10__chr17:47754137-47754637__CCTGAGTGTTC	CCTGAGTGTTC
Shuffle_hg38__chr1:13593666-13594166__mm10__chr4:143288602-143289102__GCACGTCCTTC	GCACGTCCTTC
Shuffle_hg38__chr9:33160921-33161421__mm10__chr4:40847323-40847823__CATTATACGGT	CATTATACGGT
Shuffle_hg38__chr7:74092917-74093417__mm10__chr5:134678030-134678530__TGCGCTAACCG	TGCGCTAACCG
Shuffle_hg38__chr20:31666578-31667078__mm10__chr2:152782623-152783123__CGACTCTGACC	CGACTCTGACC
Shuffle_hg38__chr15:40902467-40902967__mm10__chr2:119296732-119297232__CGTAACAATGG	CGTAACAATGG
Shuffle_hg38__chr2:60882946-60883446__mm10__chr11:23769610-23770110__CATTCTTCACC	CATTCTTCACC
Shuffle_hg38__chr4:105061278-105061778__mm10__chr3:133623376-133623876__CAGTTAGAGCC	CAGTTAGAGCC
Shuffle_hg38__chr8:30722789-30723289__mm10__chr8:33660437-33660937__TTGATTGCCGA	TTGATTGCCGA
Shuffle_hg38__chr20:35768013-35768513__mm10__chr2:156190443-156190943__AAGAACACATC	AAGAACACATC
Shuffle_hg38__chr5:95861202-95861702__mm10__chr13:75794181-75794681__TTCGGACACGG	TTCGGACACGG
Shuffle_hg38__chr9:127783120-127783620__mm10__chr2:32714925-32715425__CGACAGCTCCT	CGACAGCTCCT
Shuffle_hg38__chr11:67357171-67357671__mm10__chr19:4228222-4228722__CCAGTTCATGT	CCAGTTCATGT
Shuffle_hg38__chr20:51541088-51541588__mm10__chr2:168589423-168589923__TATCTGAAGTG	TATCTGAAGTG
Shuffle_hg38__chr2:201129170-201129670__mm10__chr1:58725600-58726100__GCACTATCTAA	GCACTATCTAA
Shuffle_hg38__chr17:49390652-49391152__mm10__chr11:95688393-95688893__ATGCCTCCGGT	ATGCCTCCGGT
Shuffle_hg38__chr17:49390652-49391152__mm10__chr11:95687720-95688220__GATCGAGACGG	GATCGAGACGG
Shuffle_hg38__chr18:46070735-46071235__mm10__chr18:77795206-77795706__GCAATATCGTT	GCAATATCGTT
Shuffle_hg38__chr11:65588019-65588519__mm10__chr19:5711862-5712362__CGTCTAAGCGG	CGTCTAAGCGG
Shuffle_hg38__chr14:90061064-90061564__mm10__chr12:99964961-99965461__ACTAACAAGAG	ACTAACAAGAG
Shuffle_hg38__chr7:128937673-128938173__mm10__chr6:29526411-29526911__AAGACGGATGT	AAGACGGATGT
Shuffle_hg38__chr1:198681741-198682241__mm10__chr1:138136359-138136859__CTATTGGATGC	CTATTGGATGC
Shuffle_hg38__chr11:73979885-73980385__mm10__chr7:100495697-100496197__CATCTACGCAC	CATCTACGCAC
Shuffle_hg38__chr14:76772624-76773124__mm10__chr12:86687772-86688272__ACAAGGTTACT	ACAAGGTTACT
Shuffle_hg38__chr12:122888410-122888910__mm10__chr5:124026343-124026843__CAACACAGCCT	CAACACAGCCT
Shuffle_hg38__chr3:49813701-49814201__mm10__chr9:107975292-107975792__CATAATACTCC	CATAATACTCC
Shuffle_hg38__chr12:108337316-108337816__mm10__chr5:113648782-113649282__GTTCTCATTCA	GTTCTCATTCA
Shuffle_hg38__chr15:66617323-66617823__mm10__chr9:64089024-64089524__AGTGCAGTGAA	AGTGCAGTGAA
Shuffle_hg38__chr11:73384420-73384920__mm10__chr7:100856638-100857138__ACACACATCCA	ACACACATCCA
Shuffle_hg38__chr1:41683767-41684267__mm10__chr4:120011725-120012225__AGCCAACCAAC	AGCCAACCAAC
Shuffle_hg38__chr14:22814977-22815477__mm10__chr14:54409787-54410287__AGGAACGGAGA	AGGAACGGAGA
Shuffle_hg38__chr17:44348059-44348559__mm10__chr11:102432002-102432502__CGACCTTCCGT	CGACCTTCCGT
Shuffle_hg38__chr1:44808934-44809434__mm10__chr4:117124620-117125120__ATGGTCACTCC	ATGGTCACTCC
Shuffle_hg38__chr1:23916472-23916972__mm10__chr4:135889874-135890374__TTAGGTACGAC	TTAGGTACGAC
Shuffle_hg38__chr12:6946031-6946531__mm10__chr6:124738415-124738915__ACCGTGAACTG	ACCGTGAACTG
Shuffle_hg38__chr6:73523443-73523943__mm10__chr9:78488916-78489416__AAGTCGCTCAA	AAGTCGCTCAA
Shuffle_hg38__chr4:123555178-123555678__mm10__chr3:37729076-37729576__TGACTAATACC	TGACTAATACC
Shuffle_hg38__chr1:47437446-47437946__mm10__chr4:114908732-114909232__TCGTGCCTCTC	TCGTGCCTCTC
Shuffle_hg38__chr12:122081628-122082128__mm10__chr5:123397774-123398274__ATTCGGTCCAA	ATTCGGTCCAA
Shuffle_hg38__chr4:85474884-85475384__mm10__chr5:102481369-102481869__CCTACCGGATT	CCTACCGGATT
Shuffle_hg38__chr2:74576725-74577225__mm10__chr6:83005409-83005909__CTGGTCGATCC	CTGGTCGATCC
Shuffle_hg38__chr2:74576725-74577225__mm10__chr6:83004780-83005280__AACTGAGCTGC	AACTGAGCTGC
Shuffle_hg38__chr16:3020080-3020580__mm10__chr17:23677239-23677739__GCCATATCTCC	GCCATATCTCC
Shuffle_hg38__chr20:3711174-3711674__mm10__chr2:131089611-131090111__TTGTAGGTCTC	TTGTAGGTCTC
Shuffle_hg38__chr5:14809712-14810212__mm10__chr15:27517893-27518393__TTCCGCAAGGT	TTCCGCAAGGT
Shuffle_hg38__chr17:4949944-4950444__mm10__chr11:70655762-70656262__CCGGTGACTTC	CCGGTGACTTC
Shuffle_hg38__chr1:231625907-231626407__mm10__chr8:125053814-125054314__CTGTTCGGTAG	CTGTTCGGTAG
Shuffle_hg38__chr18:2906039-2906539__mm10__chr17:71257031-71257531__CCTCATAATAG	CCTCATAATAG
Shuffle_hg38__chr9:35729774-35730274__mm10__chr4:43559550-43560050__TGAACAACAGG	TGAACAACAGG
Shuffle_hg38__chr9:35729774-35730274__mm10__chr4:43560253-43560753__CCACGTCGAGT	CCACGTCGAGT
Shuffle_hg38__chr3:101827680-101828180__mm10__chr16:55838660-55839160__ATCCAGTGACA	ATCCAGTGACA
Shuffle_hg38__chr6:31559705-31560205__mm10__chr17:35218460-35218960__CATAGACTTAC	CATAGACTTAC
Shuffle_hg38__chr1:39788684-39789184__mm10__chr4:123342742-123343242__GTAAGCATCTC	GTAAGCATCTC
Shuffle_hg38__chr9:33161500-33162000__mm10__chr4:40847323-40847823__GGTATTGCCTA	GGTATTGCCTA
Shuffle_hg38__chr12:109952280-109952780__mm10__chr5:114744789-114745289__GATGCGATAGG	GATGCGATAGG
Shuffle_hg38__chr16:67993258-67993758__mm10__chr8:105990819-105991319__TTCGGTAGTTC	TTCGGTAGTTC
Shuffle_hg38__chr19:34269796-34270296__mm10__chr7:34301928-34302428__GACGCATATTA	GACGCATATTA
Shuffle_hg38__chr3:13414150-13414650__mm10__chr6:91111118-91111618__AGAAGAATAGG	AGAAGAATAGG
Shuffle_hg38__chr7:6393282-6393782__mm10__chr5:143511953-143512453__GTCCGAATTGT	GTCCGAATTGT
Shuffle_hg38__chr6:129709973-129710473__mm10__chr10:26772193-26772693__AAGGATTGCAG	AAGGATTGCAG
Shuffle_hg38__chr15:83108514-83109014__mm10__chr7:81860016-81860516__AAGGTAACTGA	AAGGTAACTGA
Shuffle_hg38__chr19:43765279-43765779__mm10__chr7:24387121-24387621__AGCCTTAACGA	AGCCTTAACGA
Shuffle_hg38__chr8:55844389-55844889__mm10__chr4:3648966-3649466__CGCCTGTATGC	CGCCTGTATGC
Shuffle_hg38__chr12:26271597-26272097__mm10__chr6:145992997-145993497__AATAGCGTCTC	AATAGCGTCTC
Shuffle_hg38__chr7:101085261-101085761__mm10__chr5:137116010-137116510__CCACCTCCTGT	CCACCTCCTGT
Shuffle_hg38__chr15:101127697-101128197__mm10__chr7:66218048-66218548__CACTTACTCTC	CACTTACTCTC
Shuffle_hg38__chr8:41653685-41654185__mm10__chr8:23149511-23150011__CACTCGCCAAG	CACTCGCCAAG
Shuffle_hg38__chr17:78128580-78129080__mm10__chr11:117780465-117780965__GACAGCGTTAC	GACAGCGTTAC
Shuffle_hg38__chr19:35900320-35900820__mm10__chr7:30421388-30421888__AGTAAGCCTGT	AGTAAGCCTGT
Shuffle_hg38__chr20:40687431-40687931__mm10__chr2:160365474-160365974__TCCAACAGCGG	TCCAACAGCGG
Shuffle_hg38__chr10:72329628-72330128__mm10__chr10:59900738-59901238__CTCACAATCTT	CTCACAATCTT
Shuffle_hg38__chr2:174039772-174040272__mm10__chr2:73059742-73060242__TTCTCGATGCA	TTCTCGATGCA
Shuffle_hg38__chr17:4531235-4531735__mm10__chr11:72457987-72458487__CTTGTCTAGTA	CTTGTCTAGTA
Shuffle_hg38__chr19:48968318-48968818__mm10__chr7:45456048-45456548__TCCGCGTCGAA	TCCGCGTCGAA
Shuffle_hg38__chr2:218356544-218357044__mm10__chr1:74361760-74362260__TACCTAGTGAA	TACCTAGTGAA
Shuffle_hg38__chr1:155185359-155185859__mm10__chr3:89233417-89233917__TCAGCGTGTGT	TCAGCGTGTGT
Shuffle_hg38__chr13:48542706-48543206__mm10__chr14:73138491-73138991__ATTGAAGATCC	ATTGAAGATCC
Shuffle_hg38__chr11:69641869-69642369__mm10__chr7:144938608-144939108__GTACACCTCAT	GTACACCTCAT
Shuffle_hg38__chr12:68406050-68406550__mm10__chr10:118049318-118049818__CTGACGGAACC	CTGACGGAACC
Shuffle_hg38__chr21:42188132-42188632__mm10__chr17:31034426-31034926__ACCGGACGATT	ACCGGACGATT
Shuffle_hg38__chr1:111515322-111515822__mm10__chr3:105892397-105892897__GAACACAACCA	GAACACAACCA
Shuffle_hg38__chr10:63265028-63265528__mm10__chr10:67188990-67189490__CGCCTCTTCGA	CGCCTCTTCGA
Shuffle_hg38__chr2:186575241-186575741__mm10__chr2:83714690-83715190__GTAGCTGTCCG	GTAGCTGTCCG
Shuffle_hg38__chr17:1485727-1486227__mm10__chr11:75655873-75656373__CAGTCATCCAA	CAGTCATCCAA
Shuffle_hg38__chr3:39148018-39148518__mm10__chr9:119978051-119978551__GCTAGACTGCT	GCTAGACTGCT
Shuffle_hg38__chr3:39148018-39148518__mm10__chr9:119978818-119979318__TGATGAGTCCA	TGATGAGTCCA
Shuffle_hg38__chr6:7052821-7053321__mm10__chr13:37779332-37779832__TTATCGGAGTA	TTATCGGAGTA
Shuffle_hg38__chr1:178055083-178055583__mm10__chr1:157446276-157446776__GAACAATAGAC	GAACAATAGAC
Shuffle_hg38__chr7:73841554-73842054__mm10__chr5:134932878-134933378__AACTTGCCTGC	AACTTGCCTGC
Shuffle_hg38__chr22:29799264-29799764__mm10__chr11:4674557-4675057__CTCACTGCCGA	CTCACTGCCGA
Shuffle_hg38__chr16:54930498-54930998__mm10__chr8:92357254-92357754__CTAACTCATTC	CTAACTCATTC
Shuffle_hg38__chr10:128126493-128126993__mm10__chr7:135716366-135716866__CGATCAGACTA	CGATCAGACTA
Shuffle_hg38__chr9:4297270-4297770__mm10__chr19:28677304-28677804__TCACGTCCAGC	TCACGTCCAGC
Shuffle_hg38__chr8:73991017-73991517__mm10__chr1:16687926-16688426__ATGTCAGATTC	ATGTCAGATTC
Shuffle_hg38__chr8:73991017-73991517__mm10__chr1:16688499-16688999__CTACTCAGATC	CTACTCAGATC
Shuffle_hg38__chr11:5689473-5689973__mm10__chr7:104369710-104370210__CGGTAGCCTGT	CGGTAGCCTGT
Shuffle_hg38__chr17:27236684-27237184__mm10__chr11:79296033-79296533__TCACCAGTATT	TCACCAGTATT
Shuffle_hg38__chr18:76564912-76565412__mm10__chr18:82855572-82856072__TGATGAGGATT	TGATGAGGATT
Shuffle_hg38__chr11:61963123-61963623__mm10__chr19:9985365-9985865__AAGTTACAGCA	AAGTTACAGCA
Shuffle_hg38__chr17:7281306-7281806__mm10__chr11:69948009-69948509__ACTACGTCAGG	ACTACGTCAGG
Shuffle_hg38__chr16:27367947-27368447__mm10__chr7:125581289-125581789__AGGTCAACTAA	AGGTCAACTAA
Shuffle_hg38__chr20:53738438-53738938__mm10__chr2:170220890-170221390__AGCACTCAGAA	AGCACTCAGAA
Shuffle_hg38__chr19:53869386-53869886__mm10__chr7:3292721-3293221__AAGTTGGTTGT	AAGTTGGTTGT
Shuffle_hg38__chr9:128922139-128922639__mm10__chr2:30266243-30266743__GAGCCATCGTA	GAGCCATCGTA
Shuffle_hg38__chr9:128922139-128922639__mm10__chr2:30266923-30267423__TCGTAGCCGCA	TCGTAGCCGCA
Shuffle_hg38__chr11:64252150-64252650__mm10__chr19:6968826-6969326__CACGAGAAGCT	CACGAGAAGCT
Shuffle_hg38__chr1:108561630-108562130__mm10__chr3:109025547-109026047__AGACTGTTCAA	AGACTGTTCAA
Shuffle_hg38__chr3:20043306-20043806__mm10__chr17:53569670-53570170__CCAACGAGACT	CCAACGAGACT
Shuffle_hg38__chr19:6862716-6863216__mm10__chr17:57334723-57335223__CAAGACGCAAC	CAAGACGCAAC
Shuffle_hg38__chr16:11586855-11587355__mm10__chr16:10992921-10993421__ATACACTCGCC	ATACACTCGCC
Shuffle_hg38__chr2:47034434-47034934__mm10__chr17:87350921-87351421__AGTCACCTTGG	AGTCACCTTGG
Shuffle_hg38__chr6:44263321-44263821__mm10__chr17:45557852-45558352__TACGTCGCTAG	TACGTCGCTAG
Shuffle_hg38__chr6:44263321-44263821__mm10__chr17:45557234-45557734__GCTGAGAATGT	GCTGAGAATGT
Shuffle_hg38__chr11:63888028-63888528__mm10__chr19:7295156-7295656__AGGAAGTACAG	AGGAAGTACAG
Shuffle_hg38__chr2:69741965-69742465__mm10__chr6:86793320-86793820__AGCAATTACTC	AGCAATTACTC
Shuffle_hg38__chr3:99895733-99896233__mm10__chr16:57536759-57537259__CGCCACAACTA	CGCCACAACTA
Shuffle_hg38__chr1:33346695-33347195__mm10__chr4:128729692-128730192__GCGTGTCAGCT	GCGTGTCAGCT
Shuffle_hg38__chr1:112714248-112714748__mm10__chr3:104781497-104781997__TACCTGTTCAA	TACCTGTTCAA
Shuffle_hg38__chr11:62553117-62553617__mm10__chr19:8983205-8983705__CGCAACATCGA	CGCAACATCGA
Shuffle_hg38__chr1:26541757-26542257__mm10__chr4:133875672-133876172__GAGGAGTCGCT	GAGGAGTCGCT
Shuffle_hg38__chr1:26541757-26542257__mm10__chr4:133875061-133875561__AACCAAGAAGA	AACCAAGAAGA
Shuffle_hg38__chr17:35063505-35064005__mm10__chr11:82845678-82846178__GTCCTGCAATC	GTCCTGCAATC
Shuffle_hg38__chr20:25065625-25066125__mm10__chr2:150674845-150675345__GATGCTGGTCC	GATGCTGGTCC
Shuffle_hg38__chr20:45373735-45374235__mm10__chr2:164470189-164470689__GCTTGTAACTG	GCTTGTAACTG
Shuffle_hg38__chr3:107598985-107599485__mm10__chr16:50364059-50364559__AACTTCACGCG	AACTTCACGCG
Shuffle_hg38__chr2:16625146-16625646__mm10__chr12:12301786-12302286__TAGGTCCACTG	TAGGTCCACTG
Shuffle_hg38__chr20:64079975-64080475__mm10__chr2:181693729-181694229__CGTCATACCGG	CGTCATACCGG
Shuffle_hg38__chr16:84700348-84700848__mm10__chr8:119910855-119911355__TCAAGCGTAGC	TCAAGCGTAGC
Shuffle_mm10__chr9:123927461-123927961__hg38__chr3:46089333-46089833__ATATCACTTGG	ATATCACTTGG
Shuffle_mm10__chr19:37495177-37495677__hg38__chr10:92757006-92757506__GAGCACTTATG	GAGCACTTATG
Shuffle_mm10__chr19:5660892-5661392__hg38__chr11:65640535-65641035__AAGCGACAGTT	AAGCGACAGTT
Shuffle_mm10__chr18:61119838-61120338__hg38__chr5:150065306-150065806__CGTGCTTGCCA	CGTGCTTGCCA
Shuffle_mm10__chr10:60344085-60344585__hg38__chr10:71775274-71775774__GACCGTTCGAT	GACCGTTCGAT
Shuffle_mm10__chr19:41384308-41384808__hg38__chr10:96719691-96720191__AGCTCAGGATA	AGCTCAGGATA
Shuffle_mm10__chr6:124729773-124730273__hg38__chr12:6953596-6954096__CAGACCTCCTT	CAGACCTCCTT
Shuffle_mm10__chr1:132341672-132342172__hg38__chr1:205288041-205288541__GTCACTCACCG	GTCACTCACCG
Shuffle_mm10__chr8:26907444-26907944__hg38__chr8:37630056-37630556__TTGTCTGGTTA	TTGTCTGGTTA
Shuffle_mm10__chr1:138039125-138039625__hg38__chr1:198776593-198777093__AACAAGGTCAT	AACAAGGTCAT
Shuffle_mm10__chr16:36720217-36720717__hg38__chr3:121995102-121995602__GTCAACTACGG	GTCAACTACGG
Shuffle_mm10__chr15:100673771-100674271__hg38__chr12:51326588-51327088__TGGTGGTGTTA	TGGTGGTGTTA
Shuffle_mm10__chr1:62721287-62721787__hg38__chr2:205700197-205700697__CACAACCAGGA	CACAACCAGGA
Shuffle_mm10__chr2:38482771-38483271__hg38__chr9:124218649-124219149__AGAGGTAAGTT	AGAGGTAAGTT
Shuffle_mm10__chr5:113830238-113830738__hg38__chr12:108633650-108634150__TCAACCGATGG	TCAACCGATGG
Shuffle_mm10__chr15:99030049-99030549__hg38__chr12:49264755-49265255__TGGACGAGGAC	TGGACGAGGAC
Shuffle_mm10__chr8:126824569-126825069__hg38__chr1:234955003-234955503__AGCGACTGAAT	AGCGACTGAAT
Shuffle_mm10__chr2:118728189-118728689__hg38__chr15:40307685-40308185__GAACTGCATAG	GAACTGCATAG
Shuffle_mm10__chr9:120068063-120068563__hg38__chr3:39280007-39280507__TGGTCTTGTAA	TGGTCTTGTAA
Shuffle_mm10__chr9:106199834-106200334__hg38__chr3:52244355-52244855__TACCACACATT	TACCACACATT
Shuffle_mm10__chr4:130912993-130913493__hg38__chr1:30757589-30758089__TAATGCCTGTA	TAATGCCTGTA
Shuffle_mm10__chr11:116615624-116616124__hg38__chr17:76491804-76492304__CTCCATAAGCA	CTCCATAAGCA
Shuffle_mm10__chr7:110920674-110921174__hg38__chr8:142756980-142757480__CCATGAGTCCG	CCATGAGTCCG
Shuffle_mm10__chr9:41070876-41071376__hg38__chr11:122756365-122756865__GGTCACTATAT	GGTCACTATAT
Shuffle_mm10__chr7:145110587-145111087__hg38__chr11:69298392-69298892__CACTCGTAACA	CACTCGTAACA
Shuffle_mm10__chr1:87620077-87620577__hg38__chr2:233059955-233060455__CTCTGCGCGAA	CTCTGCGCGAA
Shuffle_mm10__chr15:39737511-39738011__hg38__chr8:104329827-104330327__ATATGCCTTCT	ATATGCCTTCT
Shuffle_mm10__chr2:167753813-167754313__hg38__chr20:50274836-50275336__TTCGATAAGGT	TTCGATAAGGT
Shuffle_mm10__chr5:114653943-114654443__hg38__chr12:109828115-109828615__AGCGAACGACC	AGCGAACGACC
Shuffle_mm10__chr1:54798369-54798869__hg38__chr2:197152326-197152826__CCATTATCAAC	CCATTATCAAC
Shuffle_mm10__chr14:70056886-70057386__hg38__chr8:22715483-22715983__ACAACACAACA	ACAACACAACA
Shuffle_mm10__chr12:80106269-80106769__hg38__chr14:68786472-68786972__GACCTGCTGAA	GACCTGCTGAA
Shuffle_mm10__chr12:80107040-80107540__hg38__chr14:68786472-68786972__GATTCAGCGCC	GATTCAGCGCC
Shuffle_mm10__chr2:174439400-174439900__hg38__chr20:59007758-59008258__GCTTAGTCTGG	GCTTAGTCTGG
Shuffle_mm10__chr2:174439947-174440447__hg38__chr20:59007758-59008258__GTCAACATTAG	GTCAACATTAG
Shuffle_mm10__chr18:66458287-66458787__hg38__chr18:59899674-59900174__CTGACATCCGG	CTGACATCCGG
Shuffle_mm10__chr14:55478613-55479113__hg38__chr14:23988513-23989013__ATCGAATTGAC	ATCGAATTGAC
Shuffle_mm10__chr8:122432340-122432840__hg38__chr16:88650804-88651304__CACAATCACGT	CACAATCACGT
Shuffle_mm10__chr1:86406897-86407397__hg38__chr2:231545455-231545955__AGAACCTCATT	AGAACCTCATT
Shuffle_mm10__chr15:80071927-80072427__hg38__chr22:39300254-39300754__TAACACAGACA	TAACACAGACA
Shuffle_mm10__chr4:129033173-129033673__hg38__chr1:32992330-32992830__CCAGATTATAG	CCAGATTATAG
Shuffle_mm10__chr4:129032621-129033121__hg38__chr1:32992330-32992830__TACACTTATCC	TACACTTATCC
Shuffle_mm10__chr5:34543067-34543567__hg38__chr4:2811962-2812462__CTAAGTAATGC	CTAAGTAATGC
Shuffle_mm10__chr7:99674842-99675342__hg38__chr11:75181489-75181989__GCACCACCAAG	GCACCACCAAG
Shuffle_mm10__chr11:4240103-4240603__hg38__chr22:30263279-30263779__CTCCGCTCACT	CTCCGCTCACT
Shuffle_mm10__chr17:35813101-35813601__hg38__chr6:30752301-30752801__AGTGCTCTAAT	AGTGCTCTAAT
Shuffle_mm10__chr11:49249210-49249710__hg38__chr5:180803629-180804129__TACGGAGAGAA	TACGGAGAGAA
Shuffle_mm10__chr2:36230227-36230727__hg38__chr9:122370920-122371420__AACGGTACGGT	AACGGTACGGT
Shuffle_mm10__chr2:36230894-36231394__hg38__chr9:122370920-122371420__AGCCATGTTGT	AGCCATGTTGT
Shuffle_mm10__chr2:132022570-132023070__hg38__chr20:4814275-4814775__CCTCCTCACTT	CCTCCTCACTT
Shuffle_mm10__chr5:114922880-114923380__hg38__chr12:121038869-121039369__CGGTATTGTTC	CGGTATTGTTC
Shuffle_mm10__chr11:43385183-43385683__hg38__chr5:160467780-160468280__TATCCTCGTTA	TATCCTCGTTA
Shuffle_mm10__chr17:35172406-35172906__hg38__chr6:31614998-31615498__GCTGTGTACGG	GCTGTGTACGG
Shuffle_mm10__chr7:16781033-16781533__hg38__chr19:46788322-46788822__ATGTCTGTTGG	ATGTCTGTTGG
Shuffle_mm10__chr15:62002743-62003243__hg38__chr8:127759835-127760335__TCAGGAAGAAT	TCAGGAAGAAT
Shuffle_mm10__chr17:34092478-34092978__hg38__chr6:32439562-32440062__CGAGCAGTCAT	CGAGCAGTCAT
Shuffle_mm10__chr8:67494580-67495080__hg38__chr8:18209789-18210289__AAGAACAGCGC	AAGAACAGCGC
Shuffle_mm10__chr2:84626347-84626847__hg38__chr11:57788311-57788811__CATCAACTCGC	CATCAACTCGC
Shuffle_mm10__chr4:130908983-130909483__hg38__chr1:30761528-30762028__CCTACCATCTG	CCTACCATCTG
Shuffle_mm10__chr11:76587904-76588404__hg38__chr17:1197801-1198301__CTAAGTCAGAG	CTAAGTCAGAG
Shuffle_mm10__chr5:113644415-113644915__hg38__chr12:108333012-108333512__CTGCGCGTAAG	CTGCGCGTAAG
Shuffle_mm10__chr13:37562619-37563119__hg38__chr6:6826591-6827091__AGAGCACCGTT	AGAGCACCGTT
Shuffle_mm10__chr16:92824807-92825307__hg38__chr21:35048122-35048622__CGTGCGTTGAT	CGTGCGTTGAT
Shuffle_mm10__chr2:38481078-38481578__hg38__chr9:124216628-124217128__GCCACCATTGC	GCCACCATTGC
Shuffle_mm10__chr15:73487085-73487585__hg38__chr8:141086219-141086719__CTGCCTCGGAA	CTGCCTCGGAA
Shuffle_mm10__chr4:130913948-130914448__hg38__chr1:30756528-30757028__TATCACGGTAC	TATCACGGTAC
Shuffle_mm10__chr5:113800211-113800711__hg38__chr12:108597855-108598355__CTCCAACTCCG	CTCCAACTCCG
Shuffle_mm10__chr2:26360723-26361223__hg38__chr9:136373434-136373934__GAAGACATCAA	GAAGACATCAA
Shuffle_mm10__chr5:138271311-138271811__hg38__chr7:100167025-100167525__AACTTATGTGC	AACTTATGTGC
Shuffle_mm10__chr9:107629029-107629529__hg38__chr3:50242886-50243386__ACTATATGCGT	ACTATATGCGT
Shuffle_mm10__chr19:7019196-7019696__hg38__chr11:64206412-64206912__ACTCATCAGCC	ACTCATCAGCC
Shuffle_mm10__chr15:73505657-73506157__hg38__chr8:141119545-141120045__CACTGCAATAT	CACTGCAATAT
Shuffle_mm10__chr14:70175181-70175681__hg38__chr8:22579898-22580398__TTAGACCGTTA	TTAGACCGTTA
Shuffle_mm10__chr2:38471613-38472113__hg38__chr9:124202393-124202893__AGATGCTTGTT	AGATGCTTGTT
Shuffle_mm10__chr2:25196570-25197070__hg38__chr9:137277428-137277928__AGCTGTGATTG	AGCTGTGATTG
Shuffle_mm10__chr10:60370664-60371164__hg38__chr10:71748714-71749214__CCAATCAGCAA	CCAATCAGCAA
Shuffle_mm10__chr6:148944635-148945135__hg38__chr12:31324145-31324645__TCGAGATGCAA	TCGAGATGCAA
Shuffle_mm10__chr11:114890029-114890529__hg38__chr17:74466344-74466844__TGAGTACCACC	TGAGTACCACC
Shuffle_mm10__chr7:30419360-30419860__hg38__chr19:35902224-35902724__AACCGAATATC	AACCGAATATC
Shuffle_mm10__chr4:62686684-62687184__hg38__chr9:113580576-113581076__GTGAACATATC	GTGAACATATC
Shuffle_mm10__chr2:12923735-12924235__hg38__chr10:16436724-16437224__CATGCCGTGGA	CATGCCGTGGA
Shuffle_mm10__chr8:71537226-71537726__hg38__chr19:17405265-17405765__GTTCGTCATAA	GTTCGTCATAA
Shuffle_mm10__chr7:142470862-142471362__hg38__chr11:1864006-1864506__TGAGGTGATGA	TGAGGTGATGA
Shuffle_mm10__chr5:140616539-140617039__hg38__chr7:2529108-2529608__AGTCCTATCAA	AGTCCTATCAA
Shuffle_mm10__chr15:80074673-80075173__hg38__chr22:39306791-39307291__GTTGACGTACA	GTTGACGTACA
Shuffle_mm10__chr2:26353513-26354013__hg38__chr9:136365671-136366171__ACCGTGTCATG	ACCGTGTCATG
Shuffle_mm10__chr7:100855742-100856242__hg38__chr11:73384978-73385478__TAAGACCGGAA	TAAGACCGGAA
Shuffle_mm10__chr7:101088656-101089156__hg38__chr11:73157422-73157922__CACATGCGTCA	CACATGCGTCA
Shuffle_mm10__chr3:93520219-93520719__hg38__chr1:152036591-152037091__AGACCAGTACA	AGACCAGTACA
Shuffle_mm10__chr8:122547697-122548197__hg38__chr16:88781058-88781558__CTCTTACAGTT	CTCTTACAGTT
Shuffle_mm10__chr7:45921230-45921730__hg38__chr19:48325087-48325587__CCGATACGCTT	CCGATACGCTT
Shuffle_mm10__chr2:168579026-168579526__hg38__chr20:51532479-51532979__ACGGATACCTT	ACGGATACCTT
Shuffle_mm10__chr17:84100535-84101035__hg38__chr2:43105964-43106464__AACTAGGTACT	AACTAGGTACT
Shuffle_mm10__chr2:113441125-113441625__hg38__chr15:33068032-33068532__TCATCTTCTCA	TCATCTTCTCA
Shuffle_mm10__chr2:113440586-113441086__hg38__chr15:33068032-33068532__GAGAGACCGAA	GAGAGACCGAA
Shuffle_mm10__chr5:113650267-113650767__hg38__chr12:108339249-108339749__AGACATGAACT	AGACATGAACT
Shuffle_mm10__chr17:84101629-84102129__hg38__chr2:43107114-43107614__CCGACATAAGA	CCGACATAAGA
Shuffle_mm10__chr5:34526818-34527318__hg38__chr4:2794458-2794958__TCTCCGCGATG	TCTCCGCGATG
Shuffle_mm10__chr4:145268222-145268722__hg38__chr1:12143457-12143957__AAGAACGAACT	AAGAACGAACT
Shuffle_mm10__chr4:145267690-145268190__hg38__chr1:12143457-12143957__ATACCAGAGTG	ATACCAGAGTG
Shuffle_mm10__chr5:137631051-137631551__hg38__chr7:100583748-100584248__AGAACGTAAGA	AGAACGTAAGA
Shuffle_mm10__chr11:75449616-75450116__hg38__chr17:1730116-1730616__CGATATGACAA	CGATATGACAA
Shuffle_mm10__chr3:27983867-27984367__hg38__chr3:171771162-171771662__AGCCAGAAGCC	AGCCAGAAGCC
Shuffle_mm10__chr12:99966269-99966769__hg38__chr14:90062293-90062793__GCACAACTCCG	GCACAACTCCG
Shuffle_mm10__chr2:170158980-170159480__hg38__chr20:53623853-53624353__GTCCAGTACGC	GTCCAGTACGC
Shuffle_mm10__chr17:35870199-35870699__hg38__chr6:30682404-30682904__AACGTCAGTGC	AACGTCAGTGC
Shuffle_mm10__chr4:40844149-40844649__hg38__chr9:33158604-33159104__AGGTGCGCTCT	AGGTGCGCTCT
Shuffle_mm10__chr4:40844967-40845467__hg38__chr9:33158604-33159104__GCTTGCTCACA	GCTTGCTCACA
Shuffle_mm10__chr2:32720623-32721123__hg38__chr9:127778537-127779037__ACAGGAGGTCG	ACAGGAGGTCG
Shuffle_mm10__chr7:144981625-144982125__hg38__chr11:69539731-69540231__TAGACACTCCG	TAGACACTCCG
Shuffle_mm10__chr7:128417977-128418477__hg38__chr10:119542501-119543001__GTTGCTACCTA	GTTGCTACCTA
Shuffle_mm10__chr7:67461824-67462324__hg38__chr15:99452786-99453286__TGACATGGTGA	TGACATGGTGA
Shuffle_mm10__chr3:107852747-107853247__hg38__chr1:109790665-109791165__CGCAGGTATAT	CGCAGGTATAT
Shuffle_mm10__chr2:4555220-4555720__hg38__chr10:13712947-13713447__ACTGCGACACC	ACTGCGACACC
Shuffle_mm10__chr2:4554654-4555154__hg38__chr10:13712947-13713447__CGTCAGTATTA	CGTCAGTATTA
Shuffle_mm10__chr15:81858035-81858535__hg38__chr6:28218531-28219031__GCATAGAATAC	GCATAGAATAC
Shuffle_mm10__chr12:25208807-25209307__hg38__chr2:8525520-8526020__TTAGAGGATGA	TTAGAGGATGA
Shuffle_mm10__chr12:102394350-102394850__hg38__chr14:92704246-92704746__AATTACCGAGA	AATTACCGAGA
Shuffle_mm10__chr9:40455572-40456072__hg38__chr11:123430850-123431350__AACTCCGCCAG	AACTCCGCCAG
Shuffle_mm10__chr2:145736530-145737030__hg38__chr14:92702471-92702971__TCGCCTAACGT	TCGCCTAACGT
Shuffle_mm10__chr12:76537363-76537863__hg38__chr14:64708512-64709012__AGACTGGAGCA	AGACTGGAGCA
Shuffle_mm10__chr11:77802530-77803030__hg38__chr17:29138927-29139427__GTAGACTCGAT	GTAGACTCGAT
Shuffle_mm10__chr15:103333137-103333637__hg38__chr12:54384529-54385029__GGTAGTTCGCG	GGTAGTTCGCG
Shuffle_mm10__chr11:116624041-116624541__hg38__chr17:76501283-76501783__GTGACTATTCC	GTGACTATTCC
Shuffle_mm10__chr6:136941265-136941765__hg38__chr12:14961268-14961768__GCCAGCGTATG	GCCAGCGTATG
Shuffle_mm10__chr17:28207514-28208014__hg38__chr6:35297550-35298050__CGCTTGAACGT	CGCTTGAACGT
Shuffle_mm10__chr13:37825767-37826267__hg38__chr6:7107036-7107536__TCACGAGATAA	TCACGAGATAA
Shuffle_mm10__chr19:37434505-37435005__hg38__chr10:92689546-92690046__CCGCCTCGTTA	CCGCCTCGTTA
Shuffle_mm10__chr15:79892105-79892605__hg38__chr22:39013946-39014446__CAGGTTCCATA	CAGGTTCCATA
Shuffle_mm10__chr19:3935760-3936260__hg38__chr11:68003415-68003915__CATACGAGGTC	CATACGAGGTC
Shuffle_mm10__chr4:124705161-124705661__hg38__chr1:37999471-37999971__GCCTCGCATGA	GCCTCGCATGA
Shuffle_mm10__chr4:124704624-124705124__hg38__chr1:37999471-37999971__GACCAGGAAGG	GACCAGGAAGG
Shuffle_mm10__chr11:87751424-87751924__hg38__chr17:58335849-58336349__TACGGAAGCCT	TACGGAAGCCT
Shuffle_mm10__chr17:34079543-34080043__hg38__chr6:33075625-33076125__AAGTGGTTAAG	AAGTGGTTAAG
Shuffle_mm10__chr13:49196749-49197249__hg38__chr9:93119869-93120369__ATGTTCACGGT	ATGTTCACGGT
Shuffle_mm10__chr13:23533584-23534084__hg38__chr6:26272103-26272603__GAGTTCTAGCA	GAGTTCTAGCA
Shuffle_mm10__chr9:116175038-116175538__hg38__chr3:30606303-30606803__CTCCTGTTGTC	CTCCTGTTGTC
Shuffle_mm10__chr13:37777265-37777765__hg38__chr6:7050922-7051422__TCTTGCCGCGT	TCTTGCCGCGT
Shuffle_mm10__chr4:66827385-66827885__hg38__chr9:117704132-117704632__AACTATCCGAA	AACTATCCGAA
Shuffle_mm10__chr14:66872500-66873000__hg38__chr8:26572018-26572518__GGTGTTCCTGG	GGTGTTCCTGG
Shuffle_mm10__chr13:49189946-49190446__hg38__chr9:93130993-93131493__AGAACATCGTC	AGAACATCGTC
Shuffle_mm10__chr12:103336610-103337110__hg38__chr14:93955191-93955691__GACTACCGCGT	GACTACCGCGT
Shuffle_mm10__chr12:80106269-80106769__hg38__chr14:68785914-68786414__AAGCCTGTTAA	AAGCCTGTTAA
Shuffle_mm10__chr1:74368154-74368654__hg38__chr2:218367665-218368165__GCCTATTACGC	GCCTATTACGC
Shuffle_mm10__chr16:92823539-92824039__hg38__chr21:35046936-35047436__GGTTACGGAGG	GGTTACGGAGG
Shuffle_mm10__chr11:78982613-78983113__hg38__chr17:27632737-27633237__TTAATTGGACC	TTAATTGGACC
Shuffle_mm10__chr5:140616539-140617039__hg38__chr7:2529695-2530195__ACCGTCTTGTG	ACCGTCTTGTG
Shuffle_mm10__chr14:31166187-31166687__hg38__chr3:52498635-52499135__GACACTGAAGG	GACACTGAAGG
Shuffle_mm10__chr8:84699854-84700354__hg38__chr19:13104325-13104825__AGTGACAATCT	AGTGACAATCT
Shuffle_mm10__chr4:133130972-133131472__hg38__chr1:27488681-27489181__CCAACTCCAGG	CCAACTCCAGG
Shuffle_mm10__chr17:83277626-83278126__hg38__chr2:42102599-42103099__CCTTCCTCAGA	CCTTCCTCAGA
Shuffle_mm10__chr4:132797956-132798456__hg38__chr1:27869184-27869684__GTACATGGACC	GTACATGGACC
Shuffle_mm10__chr5:35727413-35727913__hg38__chr4:8201304-8201804__GAGAGTGCAGG	GAGAGTGCAGG
Shuffle_mm10__chr7:127993508-127994008__hg38__chr16:31202672-31203172__GAGATGCGCCT	GAGATGCGCCT
Shuffle_mm10__chr9:65541581-65542081__hg38__chr15:64883869-64884369__GTAGAGAGCGC	GTAGAGAGCGC
Shuffle_mm10__chr11:102604009-102604509__hg38__chr17:44557135-44557635__GGTGGATACGA	GGTGGATACGA
Shuffle_mm10__chr10:58383249-58383749__hg38__chr2:108637295-108637795__GAGAAGAAGTT	GAGAAGAAGTT
Shuffle_mm10__chr10:81408784-81409284__hg38__chr19:3428497-3428997__TTGCGGAGTCA	TTGCGGAGTCA
Shuffle_mm10__chr8:84982067-84982567__hg38__chr19:12786170-12786670__CGGATTCATAC	CGGATTCATAC
Shuffle_mm10__chr17:84180714-84181214__hg38__chr2:43218455-43218955__CGATTATGTGC	CGATTATGTGC
Shuffle_mm10__chr17:47754137-47754637__hg38__chr6:41723398-41723898__GACTACTCACT	GACTACTCACT
Shuffle_mm10__chr4:143288602-143289102__hg38__chr1:13593666-13594166__TCTGTACTCTA	TCTGTACTCTA
Shuffle_mm10__chr4:40847323-40847823__hg38__chr9:33160921-33161421__TCGCTTCATGG	TCGCTTCATGG
Shuffle_mm10__chr5:134678030-134678530__hg38__chr7:74092917-74093417__TGCTTCACGAG	TGCTTCACGAG
Shuffle_mm10__chr2:152782623-152783123__hg38__chr20:31666578-31667078__AGTATCTATCG	AGTATCTATCG
Shuffle_mm10__chr2:119296732-119297232__hg38__chr15:40902467-40902967__CGGAATAGATA	CGGAATAGATA
Shuffle_mm10__chr11:23769610-23770110__hg38__chr2:60882946-60883446__ATGGATATGGA	ATGGATATGGA
Shuffle_mm10__chr3:133623376-133623876__hg38__chr4:105061278-105061778__AAGAAGCTGAG	AAGAAGCTGAG
Shuffle_mm10__chr8:33660437-33660937__hg38__chr8:30722789-30723289__ACTGGTGAGCA	ACTGGTGAGCA
Shuffle_mm10__chr2:156190443-156190943__hg38__chr20:35768013-35768513__GATTAACCAGA	GATTAACCAGA
Shuffle_mm10__chr13:75794181-75794681__hg38__chr5:95861202-95861702__TCGCTTGCCGT	TCGCTTGCCGT
Shuffle_mm10__chr2:32714925-32715425__hg38__chr9:127783120-127783620__CAATGCGACTT	CAATGCGACTT
Shuffle_mm10__chr19:4228222-4228722__hg38__chr11:67357171-67357671__AGCGATGCGGT	AGCGATGCGGT
Shuffle_mm10__chr2:168589423-168589923__hg38__chr20:51541088-51541588__GTCGCACCATG	GTCGCACCATG
Shuffle_mm10__chr1:58725600-58726100__hg38__chr2:201129170-201129670__CTTAGAACGCT	CTTAGAACGCT
Shuffle_mm10__chr11:95688393-95688893__hg38__chr17:49390652-49391152__AAGCCTGGTCC	AAGCCTGGTCC
Shuffle_mm10__chr11:95687720-95688220__hg38__chr17:49390652-49391152__AGTGCGCTGGA	AGTGCGCTGGA
Shuffle_mm10__chr18:77795206-77795706__hg38__chr18:46070735-46071235__GTATGGATTGA	GTATGGATTGA
Shuffle_mm10__chr19:5711862-5712362__hg38__chr11:65588019-65588519__TTGAGAGATTG	TTGAGAGATTG
Shuffle_mm10__chr12:99964961-99965461__hg38__chr14:90061064-90061564__AATGCTGGAAG	AATGCTGGAAG
Shuffle_mm10__chr6:29526411-29526911__hg38__chr7:128937673-128938173__CCTCACGAATT	CCTCACGAATT
Shuffle_mm10__chr1:138136359-138136859__hg38__chr1:198681741-198682241__TGCGGTTCCTT	TGCGGTTCCTT
Shuffle_mm10__chr7:100495697-100496197__hg38__chr11:73979885-73980385__TACTAGGATGG	TACTAGGATGG
Shuffle_mm10__chr12:86687772-86688272__hg38__chr14:76772624-76773124__CACTGCCTCCA	CACTGCCTCCA
Shuffle_mm10__chr5:124026343-124026843__hg38__chr12:122888410-122888910__AGCATTGAAGT	AGCATTGAAGT
Shuffle_mm10__chr9:107975292-107975792__hg38__chr3:49813701-49814201__AAGCTGTGTGA	AAGCTGTGTGA
Shuffle_mm10__chr5:113648782-113649282__hg38__chr12:108337316-108337816__TGCACGATGTC	TGCACGATGTC
Shuffle_mm10__chr9:64089024-64089524__hg38__chr15:66617323-66617823__CCTAGCTCAGT	CCTAGCTCAGT
Shuffle_mm10__chr7:100856638-100857138__hg38__chr11:73384420-73384920__TATATCTGCGA	TATATCTGCGA
Shuffle_mm10__chr4:120011725-120012225__hg38__chr1:41683767-41684267__TACAGCGCCGT	TACAGCGCCGT
Shuffle_mm10__chr14:54409787-54410287__hg38__chr14:22814977-22815477__CTTGACACTAG	CTTGACACTAG
Shuffle_mm10__chr11:102432002-102432502__hg38__chr17:44348059-44348559__GAGGATGCAAG	GAGGATGCAAG
Shuffle_mm10__chr4:117124620-117125120__hg38__chr1:44808934-44809434__ATTGATCGACG	ATTGATCGACG
Shuffle_mm10__chr4:135889874-135890374__hg38__chr1:23916472-23916972__TCTGGTTCACT	TCTGGTTCACT
Shuffle_mm10__chr6:124738415-124738915__hg38__chr12:6946031-6946531__AACATGCAAGA	AACATGCAAGA
Shuffle_mm10__chr9:78488916-78489416__hg38__chr6:73523443-73523943__ACGAGCGCCTA	ACGAGCGCCTA
Shuffle_mm10__chr3:37729076-37729576__hg38__chr4:123555178-123555678__GTGATAGCCGG	GTGATAGCCGG
Shuffle_mm10__chr4:114908732-114909232__hg38__chr1:47437446-47437946__CACAATTAAGG	CACAATTAAGG
Shuffle_mm10__chr5:123397774-123398274__hg38__chr12:122081628-122082128__CGGTAGCATCA	CGGTAGCATCA
Shuffle_mm10__chr5:102481369-102481869__hg38__chr4:85474884-85475384__ATTAGCTGAGT	ATTAGCTGAGT
Shuffle_mm10__chr6:83005409-83005909__hg38__chr2:74576725-74577225__CCGGAGATGCT	CCGGAGATGCT
Shuffle_mm10__chr6:83004780-83005280__hg38__chr2:74576725-74577225__AGCAGACAACG	AGCAGACAACG
Shuffle_mm10__chr17:23677239-23677739__hg38__chr16:3020080-3020580__AACGGTCCTCA	AACGGTCCTCA
Shuffle_mm10__chr2:131089611-131090111__hg38__chr20:3711174-3711674__GATCAGTCAAC	GATCAGTCAAC
Shuffle_mm10__chr15:27517893-27518393__hg38__chr5:14809712-14810212__TTACGATGAGT	TTACGATGAGT
Shuffle_mm10__chr11:70655762-70656262__hg38__chr17:4949944-4950444__CGCAGAACGCA	CGCAGAACGCA
Shuffle_mm10__chr8:125053814-125054314__hg38__chr1:231625907-231626407__TCTAATGAAGG	TCTAATGAAGG
Shuffle_mm10__chr17:71257031-71257531__hg38__chr18:2906039-2906539__AATACGCTTGT	AATACGCTTGT
Shuffle_mm10__chr4:43559550-43560050__hg38__chr9:35729774-35730274__TGAGGAATATG	TGAGGAATATG
Shuffle_mm10__chr4:43560253-43560753__hg38__chr9:35729774-35730274__CTAGTGCCATT	CTAGTGCCATT
Shuffle_mm10__chr16:55838660-55839160__hg38__chr3:101827680-101828180__TGTATTCGTGA	TGTATTCGTGA
Shuffle_mm10__chr17:35218460-35218960__hg38__chr6:31559705-31560205__ATCATGGACGA	ATCATGGACGA
